cluster_nb,lat,lon,year,wealth_index
1997_1,-18.9200979761,47.5133201003,1997,0.334939900810892
1997_2,-18.9027649416,47.509397737,1997,0.22903341947032282
1997_3,-18.9032875455,47.5014116719,1997,-0.7211564684494031
1997_4,-18.8909590793,47.5172013461,1997,-0.6116408846454725
1997_5,-18.881667816,47.5471860996,1997,-1.171254067419831
1997_6,0.0,0.0,1997,-1.237205752215977
1997_7,-18.8837190931,47.5130576356,1997,-1.3627534329521558
1997_8,-18.9361647603,47.5175773308,1997,-0.9619454907683032
1997_9,-18.9252996072,47.5227184286,1997,-1.0814377613800774
1997_10,-18.9363626238,47.5183896576,1997,-1.149907840439724
1997_11,-18.866682988,47.5174965334,1997,-1.1500886340909546
1997_12,-18.9039071275,47.5563866868,1997,-1.2962993421849653
1997_13,-18.8602319437,47.4897731641,1997,-0.012765803733943145
1997_14,-18.8743824734,47.5066718665,1997,-0.6845243451938892
1997_15,-18.9070145153,47.5104795567,1997,-1.0493086853792388
1997_16,-18.9350428249,47.5223741836,1997,-1.2843199438049056
1997_17,-18.9181236737,47.5534997343,1997,-1.4052450111432175
1997_18,-18.8896472655,47.5173352883,1997,-1.1828201933241649
1997_19,-18.9287284472,47.5078326971,1997,-1.4254539497850394
1997_20,-18.8834890077,47.5164812251,1997,-1.2784898990058735
1997_21,-18.8929372123,47.5222309453,1997,-1.2250344136579618
1997_22,-18.9035259459,47.5627984326,1997,-0.9074932222247488
1997_23,-19.0047274017,48.0025222286,1997,-0.8175033746658945
1997_24,-18.8687963717,47.4913708066,1997,2.209308858795243
1997_25,-18.8743693811,47.5006152896,1997,-0.820589949794624
1997_26,-18.8838125161,47.5044768376,1997,-0.7439081645246126
1997_27,-18.9119110469,47.5213440004,1997,-1.403077467518955
1997_28,-18.9009624105,47.5312827301,1997,0.6849352522909012
1997_29,-18.926872693,47.5419578346,1997,0.7140112650604414
1997_30,-18.9287568178,47.548801935,1997,1.023938035175375
1997_31,-18.8947487348,47.5245472336,1997,1.4657334632210304
1997_32,-18.8846299466,47.5357933221,1997,2.1164430038543687
1997_33,-18.8893032708,47.5427239213,1997,-0.8139385394559476
1997_34,-18.9384479893,47.519918533,1997,0.203128388738549
1997_35,-18.8891562441,47.5459777896,1997,1.3790964961423118
1997_36,-18.8730100991,47.5222326946,1997,-1.163265280518155
1997_37,-18.8787836874,47.5717328414,1997,-1.158883803976915
1997_38,-18.8934467487,47.5442379284,1997,0.39103010786233366
1997_39,-18.9055520126,47.5127566445,1997,-0.6766480030266346
1997_40,-18.9128357163,47.5170720819,1997,-0.1640297764695765
1997_41,-18.9071708563,47.5115545446,1997,-1.1431435170614346
1997_42,-18.9200662034,47.5309350824,1997,-0.9799060534532792
1997_43,-18.8919931629,47.5257885767,1997,-0.6585481838223153
1997_44,-18.9245934,47.5284869028,1997,-1.032665727316217
1997_45,-18.9163467587,47.5622102552,1997,-0.9272869542257215
1997_46,-18.9046184904,47.5433536965,1997,2.706817741305682
1997_47,-18.8975059539,47.5311604284,1997,-0.8656352663273549
1997_48,-18.8945043012,47.5204830648,1997,-0.9394422690267282
1997_49,-18.8909522907,47.5353626838,1997,-1.1882761812085079
1997_50,-18.9431792108,47.5211779118,1997,-1.0119633374108594
1997_51,-19.9042752677,47.0005891072,1997,-1.2822733195359484
1997_52,-19.8789571044,47.0472667127,1997,-0.9332853796698304
1997_53,-19.8868217818,47.0249086358,1997,-0.9721880060207394
1997_54,-19.0189147158,47.2169045084,1997,-0.8930621364405864
1997_55,-19.8387475039,46.857697943,1997,-1.4001370570468863
1997_56,-19.0951766854,46.7671124429,1997,-0.5459840288779794
1997_57,-19.7017239426,47.3175252553,1997,1.9236669795886232
1997_58,-19.3924606701,46.9714769999,1997,-1.0272295806306124
1997_59,-18.8160997923,47.497064931,1997,-1.008749053700387
1997_60,-18.8611582306,47.6183695135,1997,-0.6853477708036815
1997_61,-18.8035144631,47.5139812767,1997,-0.6254815048020674
1997_62,-18.737092274,47.3381744675,1997,-0.9292771249426448
1997_63,-18.4127065416,47.0908894198,1997,-1.2425757306434593
1997_64,-19.2441961034,47.262487305,1997,-1.1136565390620425
1997_65,-18.950684275,47.3692107472,1997,-0.9453412760192965
1997_66,-19.2707405038,47.3971699046,1997,-0.7649371772640695
1997_67,-19.1417652782,47.812820324,1997,-0.9667066598767783
1997_68,-18.285273831,47.6019742662,1997,1.5389975444275044
1997_69,-19.7177192848,46.9351274157,1997,0.8153435838615452
1997_70,-19.582904289,46.5243526825,1997,0.6415376688760277
1997_71,-19.4229614622,47.4943660529,1997,0.8345326909798852
1997_72,-19.5773959682,47.5615426624,1997,2.7825482789049403
1997_73,-19.0589620835,46.4517450959,1997,0.3388388675509069
1997_74,-18.5639914639,45.870725312,1997,-1.0883330955245138
1997_75,-18.9621255405,46.7806172723,1997,-1.273743039052191
1997_76,-19.0479193344,46.7598513445,1997,0.01694288598881673
1997_77,-19.7514325009,47.4174530621,1997,0.6127667892777545
1997_78,-19.5692242131,47.5571447916,1997,1.5792051013776827
1997_79,-19.2513539568,47.7481426693,1997,-0.023760936453119275
1997_80,-19.2866447759,47.0276535839,1997,-0.5618960576181501
1997_81,-18.9225062159,47.4929228594,1997,-1.3550964973651232
1997_82,-18.9203456493,47.4579957429,1997,-0.3689174097152219
1997_83,-19.034964875,47.4975124099,1997,-1.3081903671169794
1997_84,-19.7629454189,47.067542418,1997,-1.2950480679225918
1997_85,-19.9258109226,46.9695048945,1997,-1.2040121285512329
1997_86,-19.6216660962,47.2169075249,1997,-1.1316365877451595
1997_87,-21.4993127236,47.1050609497,1997,-1.2164749992070678
1997_88,-21.4719308496,47.1046702545,1997,-1.0738659295492963
1997_89,-20.301051527,46.7069197307,1997,2.0471268514638945
1997_90,-20.1440514816,47.364781223,1997,-1.2299157567133452
1997_91,-20.525063434,48.5178850443,1997,-1.3370548480568507
1997_92,-22.1287116717,48.0240531484,1997,-1.25144242061937
1997_93,-22.8234768455,47.8171451347,1997,-1.444255615206936
1997_94,-22.7617888712,47.2777369081,1997,-1.2471108163681648
1997_95,-20.4242076623,46.9132840763,1997,-1.313314710773107
1997_96,-21.0783068921,47.1108207149,1997,-1.1834683073405712
1997_97,-20.5998282144,47.3123831326,1997,-1.1835115534628744
1997_98,-20.6898727784,47.5552689669,1997,-1.199852532373823
1997_99,-20.4479608828,47.3631232032,1997,-1.2952946820855398
1997_100,-21.9975480704,46.969551431,1997,1.5882543065856984
1997_101,-21.9841451157,47.1188209651,1997,-1.3119602330465323
1997_102,-20.6604005069,47.7280667213,1997,-1.2521736473173446
1997_103,-20.4907553362,48.3316179677,1997,-1.2044245147594432
1997_104,-20.8012221938,48.2153356928,1997,-1.2570474643266134
1997_105,-21.1222296234,47.0325248508,1997,-1.3362513775799096
1997_106,-21.2258165569,48.2726669547,1997,-1.1697412554667566
1997_107,-21.0010013808,47.0006411947,1997,-0.5582112737448414
1997_108,-22.0924924928,47.9599427464,1997,0.8768967894585497
1997_109,-22.1763484239,47.7032219922,1997,0.9572025742480312
1997_110,-21.6315363685,47.5595062728,1997,1.8619980228526205
1997_111,-22.4028359163,47.8518966089,1997,0.4624611497888565
1997_112,-22.7143634309,47.7308074773,1997,1.6147662674602867
1997_113,-22.8646501905,47.6780679357,1997,-1.2658055464107119
1997_114,-23.2422663668,47.5188919898,1997,-1.2906990190379195
1997_115,-23.4174155411,47.2744257037,1997,0.750246665339863
1997_116,-22.6373008929,46.0064280318,1997,-1.2331989548353086
1997_117,-22.4424036965,47.2850678357,1997,-1.0995974168081515
1997_118,-21.362076284,47.1217135927,1997,-1.1427869966675255
1997_119,-21.3020537858,47.258295349,1997,1.8588102339351693
1997_120,-21.6342493858,47.3067378399,1997,-0.9868878088156743
1997_121,-21.239764845,47.0049302959,1997,-1.1754833667583875
1997_122,-22.7652015104,46.7727348314,1997,-1.3073018021466736
1997_123,-18.1685114297,49.4068602562,1997,1.905812504987817
1997_124,-18.150899372,49.3863579196,1997,-1.389303356528618
1997_125,-18.135384509,49.4002968604,1997,-1.2286068083917587
1997_126,-18.1377621787,49.3982797846,1997,-1.3516750449723118
1997_127,-15.4427440987,49.744823404,1997,0.12736639501276845
1997_128,-16.1986324402,49.7348043565,1997,-1.3460181531633388
1997_129,-18.8115570986,49.0708239829,1997,-1.4343663157599165
1997_130,-19.9588515525,48.7435121238,1997,-1.291629597091036
1997_131,-17.4970252272,48.2541040557,1997,-0.7737503388242969
1997_132,-17.8178388957,48.4366609641,1997,-1.1051267212699323
1997_133,-17.4340203684,49.1529831553,1997,-1.0372714493497557
1997_134,-18.9475500092,48.2166328837,1997,2.4277053240934885
1997_135,-15.3394639377,49.6856848174,1997,-1.4280131203175146
1997_136,-15.3498057086,49.8311492949,1997,-1.422827560873601
1997_137,-15.5993952829,49.5875930791,1997,-0.7804543436879089
1997_138,-16.339386184,49.807714144,1997,-1.3416826476861647
1997_139,-17.2476195247,49.3341905201,1997,-1.4298987373825924
1997_140,-17.2758438621,49.2114016162,1997,-1.0811531438138984
1997_141,-16.9942359196,49.3777080495,1997,-0.974054401262057
1997_142,-18.648661649,48.8186692049,1997,-1.244353838983182
1997_143,-18.7970781857,48.5966995661,1997,-1.335279798714765
1997_144,-19.5251206673,48.7917463799,1997,-1.385535068442365
1997_145,-20.0019623479,48.7673160189,1997,2.081587248173378
1997_146,-17.8648929251,49.3039934192,1997,-1.1300161283440031
1997_147,-18.0369462052,49.3605782528,1997,-1.3991479551996309
1997_148,-20.3466521602,47.8970631746,1997,-1.3890268446344256
1997_149,-17.938296054,49.2313799207,1997,-1.308014301462118
1997_150,-17.7643972986,49.1765780318,1997,-0.974166010202469
1997_151,-19.6680210391,48.3355901038,1997,1.5476278591768486
1997_152,-17.4067251741,48.4441397029,1997,1.5702013515112698
1997_153,-17.8125000081,48.4435779945,1997,1.080699902785135
1997_154,-17.5897770793,48.5242031558,1997,0.9720697873008883
1997_155,-17.7603743806,48.7804619468,1997,2.540805960958849
1997_156,-18.704320151,48.1070751685,1997,1.8159076463063002
1997_157,-18.4673074891,48.3770162761,1997,0.6624417458012634
1997_158,-17.3940388416,49.1239622524,1997,-0.9431073702118257
1997_159,-17.3865221915,49.0161966349,1997,2.1688105404026743
1997_160,-19.0134615762,48.207588783,1997,0.9464328418654278
1997_161,-15.7126639257,46.3217760481,1997,0.02951737226660252
1997_162,-15.7107727493,46.3211004999,1997,-1.3282418966312266
1997_163,-15.7087644236,46.3165726082,1997,-1.171072921547688
1997_164,-16.1256233859,46.6441149016,1997,-1.0209142947409722
1997_165,-16.2712079414,45.4607180785,1997,-0.8582897724659784
1997_166,-16.5473746838,46.6751316861,1997,-1.1186709845477103
1997_167,-16.7918648716,47.658630512,1997,1.3437946771505018
1997_169,-14.8834038048,47.9867165892,1997,-1.0211734427729695
1997_170,-16.0881149653,47.6509357849,1997,-0.9495452533672104
1997_171,-16.5150463339,46.8563675745,1997,-1.290004120169032
1997_172,-16.9215562138,46.7881259,1997,-1.2762414416625867
1997_173,-17.6024280251,46.931337948,1997,-1.1881883015580168
1997_174,-16.595771017,46.5264448815,1997,-1.2702445492017331
1997_175,-16.7879822146,46.106180365,1997,-1.0269016666502553
1997_176,-16.1439226026,46.7219547123,1997,-1.0356816978476668
1997_177,-15.9941490548,45.9670300822,1997,-0.5784301868292677
1997_178,-16.0648888573,46.0334477615,1997,-1.1784602328981868
1997_179,-16.9994972323,47.4998029599,1997,0.7104929982453402
1997_180,-15.8308948643,47.4946420748,1997,-1.0501498334195536
1997_181,-15.4871141839,47.711330722,1997,-0.659243109951956
1997_182,-15.7842522609,48.7077761887,1997,-0.6571086772769876
1997_183,-15.9082663212,49.081483522,1997,-0.9865393783198607
1997_184,-15.8279103915,48.374008511,1997,-1.151365507406167
1997_185,-15.4434105861,48.7755792334,1997,-0.5932333019306705
1997_186,-15.3860894439,47.5005329716,1997,-1.0214082281187506
1997_187,-15.329464116,47.3481485141,1997,-0.8095260616512556
1997_188,-15.011443348,48.4776611465,1997,-0.8575924186623723
1997_189,-15.4177252197,48.7628613457,1997,-0.3568390889565049
1997_190,-15.1899112983,47.8707630056,1997,4.484064602507804
1997_191,-15.1393619269,48.0209537545,1997,-0.6496080924231451
1997_192,-14.6062713948,48.5749887686,1997,2.9288053591428675
1997_193,-15.7600276719,46.6444001886,1997,1.4147235335960262
1997_194,-16.1436120458,47.9797643419,1997,1.0033554729220908
1997_195,-18.0221291501,45.2098729208,1997,2.0113256941412883
1997_196,-15.9689084288,47.6132264605,1997,2.065535322175543
1997_197,-23.3607967805,43.6813204982,1997,1.3930805607226178
1997_198,-23.3436091397,43.6674729638,1997,2.4098685829498305
1997_199,-21.4215091145,44.3417792879,1997,2.5413016326290427
1997_200,-22.3161813908,44.5801744158,1997,2.370183146467005
1997_201,-23.8050929985,44.1028867575,1997,2.6448585300250818
1997_202,-20.295155171,44.2799203021,1997,2.8204212663569046
1997_203,-19.6227900037,44.489849962,1997,1.9463450117143348
1997_204,-22.981244116,44.7242328078,1997,0.8640800395015906
1997_205,-25.284380584,45.5434820019,1997,1.9787013159478473
1997_206,-25.0279662869,46.9857420374,1997,2.9753910328066877
1997_207,-25.2341230087,46.0795610864,1997,3.0941918473249137
1997_208,-25.0671146799,46.3349370672,1997,3.5677825270639487
1997_209,-21.3380221284,44.0648542283,1997,2.932991562716587
1997_210,-21.3841646611,43.5884059604,1997,2.5958339968827406
1997_211,-21.8775825131,43.9901307292,1997,5.244294208660514
1997_212,-23.7791459483,44.335176115,1997,2.391985589410815
1997_213,-23.5018845807,44.4759290009,1997,2.5164988468854577
1997_214,-23.8910523686,44.9726392671,1997,2.105765741330929
1997_215,-24.5506296135,44.3836188724,1997,1.7152898493741866
1997_216,-24.1407655046,44.7535969135,1997,2.099770588388552
1997_217,-20.3222784542,44.4751763929,1997,1.7463747948192572
1997_218,-20.6759183156,45.0230412687,1997,-0.4726458172200328
1997_219,-19.6968772762,44.8787715744,1997,0.7525329740611525
1997_220,-18.5296224607,45.0623181508,1997,0.6913613841974229
1997_221,-25.1855062543,45.1471917942,1997,-0.01985930304954796
1997_222,-24.8176284013,45.106573187,1997,0.07458854808772336
1997_223,-24.9393117608,46.8230818902,1997,-0.6364891662772991
1997_224,-24.6485210185,47.2155666635,1997,-0.9240338104903416
1997_225,-25.1377697722,46.0118549897,1997,-0.17604526580617583
1997_226,-24.7281050062,45.6178713059,1997,-0.20829560638671532
1997_227,-23.2875250054,46.0529543158,1997,1.0878339441530858
1997_228,-23.5492015317,45.570825312,1997,0.5679974304730435
1997_229,-23.8683340135,45.4473081706,1997,1.078676518091259
1997_230,-24.5801381119,45.3347228067,1997,-0.5873822140641666
1997_231,-24.8046194951,46.161918552,1997,-0.9763263323746241
1997_232,-24.5454064947,46.0922768134,1997,-0.8024438764983647
1997_233,-23.4236982333,43.9194379145,1997,-0.8392544306546661
1997_234,-23.0960267989,44.2415917655,1997,-0.7347175491705308
1997_235,-12.2874878186,49.2856537365,1997,-0.5633358890068854
1997_236,-12.3062615634,49.2828448848,1997,-0.844712273134072
1997_237,-12.2880040608,49.293496898,1997,-0.6787373440591502
1997_238,-14.8961882497,50.2620166109,1997,1.4323387070313776
1997_239,-14.9011179541,50.2809874013,1997,-0.7699519422967975
1997_240,-14.2680536391,50.1354816086,1997,-0.7336871776285088
1997_241,-14.3044625866,50.1013258183,1997,-0.7259563232556173
1997_242,-14.6743481676,49.6552132251,1997,-0.39640587881977823
1997_243,-13.2088841804,49.0473205817,1997,-0.818390976809444
1997_244,-13.679504792,48.4626836404,1997,-0.594879512627482
1997_245,-15.1041750035,50.2732365279,1997,-0.5157935219620771
1997_246,-15.0002346703,50.1445157233,1997,-0.9765016485140415
1997_247,-15.2454396083,50.4496021408,1997,-0.6950036315160433
1997_248,-15.2692850233,50.4577278283,1997,-0.5865926226061505
1997_249,-14.6289524455,49.7195749654,1997,1.342818965226562
1997_250,-14.3663371245,49.9374392741,1997,-0.5757887595595425
1997_251,-14.3027542368,49.9033015283,1997,1.718966792062395
1997_252,-14.1840598599,49.8644533168,1997,2.6221293863999824
1997_253,-14.0963584619,49.7936864324,1997,-0.8832887499040531
1997_254,-14.5059340408,49.8000793891,1997,-0.27608870762037224
1997_255,-14.05021129,49.5705001702,1997,-0.6935318651394078
1997_256,-14.4998494881,49.6325498345,1997,-0.7561616560811448
1997_257,-14.6273811636,49.4761397797,1997,-0.9695400094735857
1997_258,-12.3587943794,49.3348359558,1997,0.6206760198891434
1997_259,-12.3903958033,49.1340441733,1997,-0.8894363428800097
1997_260,-12.5646057153,49.067068992,1997,-0.7440344415736438
1997_261,-13.6426690875,49.9354854276,1997,-1.4331829925282107
1997_262,-13.0769100279,49.668297674,1997,0.03632697983954284
1997_263,-13.7508177625,49.8797249883,1997,0.4877060414578565
1997_264,-13.9457654395,49.8917251009,1997,-1.3346861635825071
1997_265,-13.1859183271,48.9908658755,1997,-1.1257109165619235
1997_266,-12.9229702268,49.0174630124,1997,-0.8092057112252193
1997_267,-13.0760643667,48.976718706,1997,-0.8075614071928431
1997_268,-13.2589729108,48.9650281592,1997,-1.0340869630231115
1997_269,-13.7456996117,48.3619419487,1997,1.7724985150084196
1997_270,-13.9284844818,48.5648341311,1997,5.512049371272165
2008_1,-18.908801,47.500355,2008,1.1264704949111668
2008_2,-18.909387,47.499529,2008,0.5127509140952461
2008_3,-18.904492,47.519078,2008,0.7979893114169416
2008_4,-18.919166,47.508563,2008,-0.6081467378267059
2008_5,-18.923573,47.499678,2008,-0.42373752405265386
2008_6,-18.911326,47.521112,2008,1.6201071922828656
2008_7,-18.88818,47.506964,2008,-0.6109647365476351
2008_8,-18.92391,47.504629,2008,-0.7765153345031192
2008_9,-18.908497,47.524375,2008,-0.5570704755476438
2008_10,-18.929132,47.528001,2008,5.679046537719898
2008_11,-18.913003,47.532026,2008,-0.7051637690738999
2008_12,-18.919411,47.553168,2008,-0.6782989525350694
2008_13,-18.942164,47.535465,2008,2.703748106675698
2008_14,-18.93233,47.557979,2008,0.11210347473099956
2008_15,-18.924705,47.552426,2008,-0.13566068979724388
2008_16,-18.944809,47.52715,2008,-0.8887530868883982
2008_17,-18.905093,47.570207,2008,4.018976739673104
2008_18,-18.904598,47.542909,2008,5.683206166762021
2008_19,-18.911236,47.54336,2008,-0.6034775184376603
2008_20,-18.89894,47.532107,2008,0.5190876501881684
2008_21,-18.898148,47.532144,2008,2.0193728233384074
2008_22,-18.880068,47.530618,2008,-0.10391686443402368
2008_23,-18.892021,47.527913,2008,-0.8897820179201962
2008_24,-18.910133,47.528865,2008,-0.42347423950963026
2008_25,-18.916232,47.493281,2008,-1.0797348455725482
2008_26,-18.932871,47.510848,2008,3.0342455192580515
2008_27,-18.929442,47.52391,2008,2.6046502027468117
2008_28,-18.932079,47.500112,2008,-0.9574065531513563
2008_29,-18.941436,47.514513,2008,2.389290127036303
2008_30,-18.939384,47.515191,2008,-0.9704618310763091
2008_31,-18.925683,47.5039,2008,2.1766705619685602
2008_32,-18.939561,47.532337,2008,5.526459315325101
2008_33,-18.935867,47.528754,2008,2.6495258223176563
2008_34,-18.864537,47.534837,2008,2.5876757871747094
2008_35,-18.879568,47.524435,2008,5.6070425519941125
2008_36,-18.869936,47.526563,2008,-1.1918134884945566
2008_37,-18.871621,47.555933,2008,4.265941421640658
2008_38,-18.90124,47.541132,2008,-1.196142745713471
2008_39,0.0,0.0,2008,-1.0872911556715799
2008_40,-18.900093,47.529772,2008,-1.2054381520373956
2008_41,-18.896713,47.547636,2008,2.160057152773875
2008_42,-18.886258,47.546826,2008,4.222278621918183
2008_43,-18.906095,47.568801,2008,0.14146070454805584
2008_44,-18.906871,47.554362,2008,-0.7493896415820238
2008_45,-18.897559,47.55035,2008,2.5322657458101423
2008_46,0.0,0.0,2008,-1.3896300346508599
2008_47,0.0,0.0,2008,1.2287117777492722
2008_48,-18.878964,47.480899,2008,-1.1777438787344527
2008_49,-18.865493,47.503496,2008,1.7385236794478702
2008_50,-18.875614,47.498146,2008,-1.3078377356544353
2008_51,-18.946397,47.56909,2008,1.3503537248237374
2008_52,-18.860436,47.569286,2008,3.283066411211556
2008_53,-18.922672,47.557529,2008,-1.3603068878985416
2008_54,-18.908877,47.643528,2008,-0.9821240482913444
2008_55,-19.022503,47.687794,2008,-0.8793870148295929
2008_56,-18.815982,47.43866,2008,2.529954496583823
2008_57,-18.81966,47.505415,2008,1.1488772832942356
2008_58,-18.757674,47.332466,2008,0.4166093991171883
2008_59,-18.700593,47.489375,2008,1.4991558920747385
2008_60,-18.287923,47.102035,2008,-0.7241820480418405
2008_61,-18.532652,47.306096,2008,-0.7621722844830204
2008_62,-18.917862,47.819712,2008,-0.9744479936438348
2008_63,-18.82918,47.817585,2008,4.122822979755287
2008_64,-19.102399,47.832225,2008,2.4669044620264287
2008_65,-18.390971,47.745395,2008,4.4371020273324255
2008_66,-18.49505,47.666089,2008,4.351129507286329
2008_67,-18.20673,47.635363,2008,3.968688540403243
2008_68,-19.307278,47.576141,2008,2.686191718145309
2008_69,-19.284433,47.859219,2008,-1.094816453788306
2008_70,-18.938083,47.475115,2008,-0.3016397631194017
2008_71,-18.944944,47.45297,2008,3.764183966818193
2008_72,-18.893333,47.466513,2008,4.699079153959218
2008_73,-19.000915,47.533083,2008,1.588809365566615
2008_74,-18.978083,47.450104,2008,-0.827492332797276
2008_75,-18.987545,47.574246,2008,-0.5414212737308718
2008_76,-19.8653,47.004478,2008,5.284849413887238
2008_77,-19.876797,47.029387,2008,-0.27802979564207136
2008_78,-19.876517,47.035089,2008,2.7506614560306075
2008_79,-19.905836,47.027297,2008,-1.054704718480094
2008_80,-19.841425,47.0163,2008,2.80444761589926
2008_81,-19.867343,46.985801,2008,3.56150219047697
2008_82,-19.811847,46.843773,2008,0.6545176383134951
2008_83,-19.687981,46.760669,2008,3.7460109331212923
2008_84,-20.112725,46.881674,2008,3.0526526574485504
2008_85,-20.202397,46.639752,2008,-1.345446695516697
2008_86,-19.393768,47.321403,2008,-1.059669025368247
2008_87,-19.538442,47.578799,2008,3.2182736409861055
2008_88,-19.600871,47.213569,2008,1.8282658666650755
2008_89,-19.522979,47.246355,2008,3.6898151213679484
2008_90,-19.478037,47.359716,2008,-0.034549625095743816
2008_91,-19.737486,47.85403,2008,-0.7655806186081432
2008_92,-19.373912,46.803599,2008,2.9704618180640523
2008_93,-19.229559,46.980575,2008,2.084541641614198
2008_94,-19.445688,46.789909,2008,2.3442611409234733
2008_95,-19.740662,47.02795,2008,2.5659908029896
2008_96,-19.890069,47.164526,2008,3.2470959518965326
2008_97,-19.905699,47.265235,2008,2.6798892938290786
2008_98,-19.60027,47.164903,2008,2.047866924903913
2008_99,-19.47103,46.335599,2008,1.236063408305432
2008_100,-19.649249,46.512126,2008,0.895398055160537
2008_101,-18.99455,47.17387,2008,-1.0457114742801032
2008_102,-19.036001,47.182142,2008,1.8793357725092792
2008_103,-19.024911,47.150869,2008,1.5688599734309168
2008_104,-19.101744,47.235994,2008,-0.9150594304443066
2008_105,-19.091103,47.0636,2008,-0.9818281772434886
2008_106,-18.998558,47.337286,2008,2.7319532111546
2008_107,-18.906134,47.289499,2008,4.630434086961683
2008_108,-19.245716,47.150821,2008,0.4669431697415241
2008_109,-19.304467,47.086828,2008,-0.5661698802821419
2008_110,-19.104752,47.384526,2008,3.002152676184766
2008_111,-19.195922,47.281009,2008,0.8677653640289238
2008_112,-18.945078,46.891445,2008,-1.1080547015736275
2008_113,-19.014502,46.905472,2008,2.4268533576550704
2008_114,-19.03292,46.89053,2008,-1.189472091813613
2008_115,-19.019304,46.983517,2008,-0.797588591611456
2008_116,0.0,0.0,2008,-0.14960596728860218
2008_117,-19.094387,46.932478,2008,-0.44270705739187816
2008_118,-18.933382,46.744377,2008,-0.4108519767111572
2008_119,-18.781986,47.084949,2008,-0.136352086122737
2008_120,-19.10268,46.752153,2008,2.468409727929843
2008_121,-19.194327,46.695891,2008,-0.3566269987068409
2008_122,-19.19144,46.591129,2008,-0.4255677264703806
2008_123,-19.046076,46.716249,2008,1.5251528302651052
2008_124,-19.024406,46.55637,2008,-0.5661815858896211
2008_125,-19.334489,46.447912,2008,-0.8478855435830823
2008_126,-18.766716,46.053681,2008,2.233426102049673
2008_127,-18.762073,46.037691,2008,3.246475607384228
2008_128,-18.763795,46.04186,2008,2.4349320568990493
2008_129,-18.774962,46.069326,2008,2.129924060293041
2008_130,-18.601309,45.996878,2008,2.7369554832800227
2008_131,-18.853312,45.994218,2008,1.3521492385199017
2008_132,-18.972527,46.114516,2008,0.872812400199684
2008_133,-18.733761,46.237659,2008,0.49066323549325547
2008_134,-19.001909,46.439399,2008,6.876675745647492
2008_135,-18.527321,46.094889,2008,-0.08255461796364616
2008_136,-18.951966,45.995306,2008,0.4778510579559187
2008_137,-18.511057,46.311986,2008,1.038532466506259
2008_138,-19.029703,46.287537,2008,0.29188918502396266
2008_139,-18.949351,45.687061,2008,-0.6915041143889281
2008_140,-18.770705,46.506426,2008,-0.35802432792443317
2008_141,-19.105412,46.16864,2008,-1.0529712534550928
2008_142,-19.15022,46.366887,2008,-0.47588125263315345
2008_143,-19.138267,46.030471,2008,-0.8331914969473017
2008_144,-19.211742,46.274663,2008,-0.9864046217363299
2008_145,-18.447177,46.594595,2008,-0.40257178654269604
2008_146,-18.521914,46.850329,2008,-0.9762240698811806
2008_147,-18.616343,46.847977,2008,-0.11164374229352812
2008_148,-18.725926,47.019753,2008,0.7455434495473988
2008_149,-18.37539,46.031808,2008,1.172983687557456
2008_150,-17.874337,46.391521,2008,1.1115194204478447
2008_151,-21.453032,47.081651,2008,1.8103192466283164
2008_152,-21.46268,47.076287,2008,-0.5900796395570679
2008_153,-21.439428,47.103845,2008,-0.28623085698522627
2008_154,-21.454038,47.109541,2008,-0.7546391282545514
2008_155,-21.44141,47.113624,2008,0.13386493021482027
2008_156,-21.416072,47.076998,2008,-0.5558003116362459
2008_157,-21.834468,46.931635,2008,-0.5269170061634404
2008_158,-21.744415,46.833283,2008,-0.661420874224947
2008_159,-21.891503,46.995004,2008,-0.5628747426789222
2008_160,-21.895711,46.701398,2008,-0.5560484296636472
2008_161,-22.038887,46.724299,2008,-0.2015297576514111
2008_162,-21.13752,47.306211,2008,-0.5729968682331836
2008_163,-20.942862,47.168422,2008,-0.4176543689218085
2008_164,-21.05448,47.060666,2008,-0.29963075527270305
2008_165,0.0,0.0,2008,-0.9290469208439533
2008_166,0.0,0.0,2008,-0.6118540518803052
2008_167,-21.492564,47.154991,2008,2.0541854836123123
2008_168,-21.40852,47.20078,2008,1.2345609708728569
2008_169,-21.416559,47.055128,2008,3.0935317119760097
2008_170,-21.328986,47.204434,2008,1.850773140326994
2008_171,-21.600803,47.280589,2008,1.8979966015311012
2008_172,-21.314207,47.297825,2008,-0.44395427562562645
2008_173,-21.638535,47.187908,2008,1.3264700173772621
2008_174,-21.242074,46.881508,2008,-1.0379896737183318
2008_175,-21.786707,47.167055,2008,-0.6722542364915046
2008_176,-20.507567,46.858849,2008,-1.0476002201088217
2008_177,-20.651464,46.679133,2008,-1.079401677274883
2008_178,-20.40355,46.93814,2008,-1.106062602046768
2008_179,-20.216559,46.954385,2008,-0.6633240494228276
2008_180,-20.636685,46.223819,2008,-1.2836258742793936
2008_181,-20.528299,47.244091,2008,-0.8747610347823603
2008_182,-20.532406,47.249639,2008,-0.6668633157615919
2008_183,-20.553856,47.234004,2008,-1.0801646264664102
2008_184,-20.53163,47.266978,2008,-0.3214800956750827
2008_185,-20.558642,47.175389,2008,-0.9070577267325595
2008_186,-20.408331,47.119403,2008,-0.8026272541053605
2008_187,-20.507634,47.297858,2008,-1.0389842180781415
2008_188,-20.743589,47.182571,2008,-0.5377405872271956
2008_189,-20.805387,47.206036,2008,-0.6411452744448668
2008_190,-20.222548,47.063255,2008,-1.1554711099853114
2008_191,-20.722401,47.580211,2008,-1.1260180827832413
2008_192,-20.250418,47.426715,2008,0.20336391290211156
2008_193,-20.328611,47.349937,2008,-1.3313399308539724
2008_194,-20.193033,47.485524,2008,-1.113051797235369
2008_195,-20.412492,47.288153,2008,1.4108908277061516
2008_196,-20.209435,47.511618,2008,2.660376432131693
2008_197,-20.479684,47.349655,2008,3.156591400225043
2008_198,-20.778805,47.073147,2008,-0.6855951600047806
2008_199,-20.84537,47.12279,2008,-0.734560638950624
2008_200,-20.791169,47.006686,2008,-1.1470847663390085
2008_201,-21.375248,47.703426,2008,-0.7919115381599594
2008_202,-21.527176,47.759926,2008,-1.075313711435656
2008_203,-20.707008,47.711273,2008,-1.14307618604902
2008_204,-20.786873,48.345402,2008,-1.0490188231868491
2008_205,-20.656685,48.447024,2008,-1.0871381502430026
2008_206,-20.354627,48.172983,2008,1.9451773317465906
2008_207,-20.585991,47.848858,2008,-1.056793737604084
2008_208,-21.229402,48.356697,2008,-0.33671519302107294
2008_209,-21.242202,48.338573,2008,-0.8161149624598037
2008_210,-21.277241,48.171144,2008,-0.8553766424450141
2008_211,-20.927344,48.340804,2008,-0.7994809562506372
2008_212,-21.480208,47.838553,2008,0.4135123584050141
2008_213,-20.940314,47.867688,2008,-0.817091836550916
2008_214,-22.145534,48.00465,2008,-1.1138707258126315
2008_215,-22.136411,47.974622,2008,-1.059996976037373
2008_216,-21.940467,47.782097,2008,-1.2879181257929255
2008_217,-22.186878,47.784809,2008,-1.3326641071132361
2008_218,-22.087859,47.735704,2008,-1.2608052632791784
2008_219,-21.749582,47.884334,2008,-1.2509725338686895
2008_220,-21.953013,47.785898,2008,-1.307510869303997
2008_221,-21.705686,47.476526,2008,0.9039344591637842
2008_222,-22.252591,47.555969,2008,1.2453495606962979
2008_223,-22.104075,47.403893,2008,5.878831024563181
2008_224,-22.416273,47.92069,2008,-1.025485881333942
2008_225,-22.37506,47.761731,2008,-1.1279696700034432
2008_226,-22.393287,46.113712,2008,-1.398317040877234
2008_227,-22.387002,46.119673,2008,-1.3580082815954746
2008_228,-22.416822,46.151112,2008,1.590938762954988
2008_229,-22.411864,46.109557,2008,-0.898735538139196
2008_230,-22.369336,46.073015,2008,-1.0719242136485065
2008_231,-22.433377,46.102454,2008,-1.0771606212458895
2008_232,-22.682711,46.257526,2008,-1.0746581648533637
2008_233,-22.282018,46.105889,2008,-1.1017669082654888
2008_234,-22.71967,45.687579,2008,-1.1052328924463293
2008_235,-22.03319,46.385562,2008,-0.844637744091869
2008_236,-22.356482,46.472713,2008,-0.6578322485941834
2008_237,-22.304437,45.714105,2008,-1.0672197373424448
2008_238,-22.542755,46.475604,2008,1.123132452826717
2008_239,-22.67012,45.527999,2008,0.6299685194345301
2008_240,-22.691713,45.250655,2008,-0.07067949507885976
2008_241,-22.777466,45.114805,2008,1.4459071125967833
2008_242,-22.879416,45.079061,2008,-1.0673342840036535
2008_243,-22.487631,46.886856,2008,-0.5858031539204538
2008_244,-22.610068,46.679883,2008,-1.0337677043095386
2008_245,-22.251683,46.821247,2008,-0.7243591202192783
2008_246,-22.729479,46.893913,2008,-1.184044132851526
2008_247,-22.555923,47.075101,2008,-0.5388946878211217
2008_248,-23.110089,46.648726,2008,-0.07631488254553709
2008_249,-22.772693,46.765402,2008,-0.9073049132130129
2008_250,-23.284383,46.721473,2008,-0.5098086605132892
2008_251,-22.80014,47.834477,2008,-1.067061433912413
2008_252,-22.835033,47.807089,2008,0.85387613947069
2008_253,-22.743297,47.709572,2008,-0.3393898855681495
2008_254,-22.853801,47.770883,2008,-0.63014868662714
2008_255,-22.486723,47.801379,2008,-0.8973226870765116
2008_256,-22.774309,47.547874,2008,-1.2023581816536335
2008_257,-23.107978,47.605688,2008,-1.2714982253773726
2008_258,-22.59986,47.533066,2008,-1.1849376815876662
2008_259,-22.580465,47.606449,2008,-1.235408498370382
2008_260,-23.050629,47.593956,2008,-0.8103654631425633
2008_261,-23.344237,47.599486,2008,-0.5896591996195956
2008_262,-23.362097,47.621823,2008,-1.2351166611881401
2008_263,-23.364773,47.609091,2008,-1.1883012878222305
2008_264,-23.291123,47.639068,2008,-1.2548023103201071
2008_265,-23.338126,47.555283,2008,-1.3182699070741595
2008_266,-23.52756,47.579849,2008,-0.5035907378027056
2008_267,-23.585985,47.501422,2008,-1.1624388430613004
2008_268,-23.607783,47.307637,2008,-1.2631581266603258
2008_269,-23.799462,47.561185,2008,-1.2519039884354337
2008_270,-23.958226,47.16261,2008,-0.558088771359118
2008_271,-23.164811,46.980231,2008,-1.2000129927241108
2008_272,-22.812941,47.512537,2008,-1.0543512454122672
2008_273,-22.407964,47.388441,2008,-0.9491524412941087
2008_274,-22.554096,47.407685,2008,-1.2307018717379332
2008_275,-24.027825,46.960089,2008,-0.9676829983587157
2008_276,-18.17038,49.400891,2008,-1.2630256515049663
2008_277,-18.159528,49.400959,2008,-1.3297069225282014
2008_278,-18.14877,49.399332,2008,-1.3701602052576975
2008_279,-18.154031,49.384779,2008,-1.2067055449491904
2008_280,-18.147484,49.397318,2008,-0.6734950954213373
2008_281,-18.145866,49.402583,2008,-1.3549953644796389
2008_282,-18.12369,49.392086,2008,-1.3676711553822893
2008_283,-18.777066,49.038168,2008,2.961340698043893
2008_284,-19.094095,48.973102,2008,3.488513531869434
2008_285,-18.977013,48.781297,2008,2.360606598677678
2008_286,-18.824665,48.739247,2008,1.9275079289177244
2008_287,-19.331789,48.843476,2008,2.967449653518554
2008_288,-19.600641,48.755921,2008,2.6160957363467547
2008_289,-19.893346,48.812273,2008,2.31369916120991
2008_290,-19.791548,48.656696,2008,0.9013393181921983
2008_291,-20.204929,48.592346,2008,-1.2714185513803604
2008_292,-20.30321,48.472603,2008,-0.9224127001768786
2008_293,-20.24179,48.357571,2008,-1.2127463224122756
2008_294,-20.316178,48.016372,2008,-1.2403718408388924
2008_295,-20.10891,47.799308,2008,-1.0608985444591312
2008_296,-20.287935,47.83528,2008,1.1600239000363155
2008_297,-17.939403,49.244506,2008,-0.7796338311643287
2008_298,-18.060427,49.126173,2008,-1.304609115357271
2008_299,-17.82721,49.014265,2008,-1.3458865780173055
2008_300,-19.413358,48.587405,2008,-1.347511347586225
2008_301,-16.822104,49.936587,2008,-0.9497978714364161
2008_302,-17.082956,49.825012,2008,-1.1704085549290653
2008_303,-15.436326,49.697482,2008,-1.2345163749158123
2008_304,-15.354902,49.788673,2008,-1.1706023038857587
2008_305,-15.37535,49.807274,2008,-0.8882053140241336
2008_306,-15.392836,49.900001,2008,-0.7028331585736044
2008_307,-15.484026,49.633232,2008,-1.0614085283901091
2008_308,-15.692223,49.587613,2008,-0.9203113361014801
2008_309,-16.165338,49.610408,2008,-1.123540798594429
2008_310,-16.104667,49.612017,2008,-1.1061044668848858
2008_311,-16.576109,49.548212,2008,-0.9844400725776689
2008_312,-16.136487,49.481805,2008,-0.8899897037797976
2008_313,-17.387921,49.417073,2008,-1.0780990961218901
2008_314,-17.476257,49.434351,2008,-1.1175099265361073
2008_315,-17.198132,49.307203,2008,-1.2153750390239926
2008_316,-17.370701,49.235939,2008,-1.2359117483855533
2008_317,-17.333274,49.194083,2008,0.2900186383152707
2008_318,-17.055729,49.274798,2008,-1.0969151300605444
2008_319,-17.417581,49.220968,2008,-1.1547296583072753
2008_320,-17.516362,49.245819,2008,-1.221045013930143
2008_321,-17.401735,49.139024,2008,-0.20035304343225538
2008_322,-17.643822,49.13875,2008,-1.1399646112060793
2008_323,-16.932153,49.578843,2008,-1.3709119716906804
2008_324,-16.871907,49.590696,2008,-0.358262546678726
2008_325,-16.807837,49.473417,2008,0.23171045824719694
2008_326,-17.567338,48.273973,2008,-0.5117515599402923
2008_327,-17.524269,48.276878,2008,-0.04529894550721969
2008_328,-17.477955,48.319924,2008,1.089041521588304
2008_329,-17.804728,48.165696,2008,-0.4050296197106735
2008_330,-17.39131,48.449447,2008,1.6527626938407218
2008_331,-17.354757,48.524001,2008,2.2675297751458374
2008_332,-17.804803,48.428095,2008,3.2996042713927167
2008_333,-17.822666,48.427675,2008,2.1928793007064513
2008_334,-17.829029,48.429934,2008,-0.514438776152214
2008_335,-17.827046,48.434865,2008,-0.6604267137547397
2008_336,-17.808143,48.411423,2008,-0.5732872225976705
2008_337,-17.721768,48.467238,2008,-0.4900325474631697
2008_338,-17.804641,48.29166,2008,-0.11281286106040626
2008_339,-17.794352,48.23741,2008,-0.45306419182069935
2008_340,-17.443645,48.610521,2008,3.2542999711072147
2008_341,-17.988266,48.082624,2008,-0.08224709280121152
2008_342,-18.950161,48.221245,2008,-0.24033887375164767
2008_343,-18.865533,48.397271,2008,-0.46887029828854077
2008_344,-18.869037,47.982346,2008,-0.409802986935621
2008_345,-18.936769,48.53462,2008,-0.7619252417264094
2008_346,-18.554365,48.044934,2008,-0.5575576183482723
2008_347,-18.206882,48.180565,2008,-1.091221560724783
2008_348,-17.00159,48.508493,2008,-0.9259816671744555
2008_349,-19.374466,48.178536,2008,2.9031550464325675
2008_350,-19.649243,48.068847,2008,2.437168180785173
2008_351,-15.667084,46.353186,2008,3.3998421860269272
2008_352,-15.710853,46.32756,2008,2.619775294356663
2008_353,-15.714932,46.352553,2008,2.5165022971931843
2008_354,-15.717013,46.345292,2008,3.6947266087223967
2008_355,-15.712451,46.313011,2008,2.233554365608229
2008_356,-15.708484,46.314698,2008,0.39791032110992425
2008_357,-15.721052,46.323039,2008,-1.118457739801162
2008_358,-16.129934,45.372162,2008,-0.0404481011561666
2008_359,-16.588775,45.560263,2008,-0.23804184535968428
2008_360,-16.479359,46.689913,2008,-1.2192844414184527
2008_361,-16.3925,46.740144,2008,-0.9962734243042533
2008_362,-16.428366,46.535819,2008,-1.4149547387582402
2008_363,-16.443761,46.977187,2008,1.949704736211197
2008_364,-16.621909,46.607054,2008,-1.0441097329870166
2008_365,-16.270256,47.313755,2008,-0.7084944602083004
2008_366,-16.813356,46.008189,2008,-0.47553537688972086
2008_367,-16.109421,46.644899,2008,-0.3182123558979711
2008_368,-16.192397,46.53927,2008,-1.2055441195694252
2008_369,-16.228716,46.611061,2008,-1.0522350056336467
2008_370,-16.058539,46.575662,2008,-0.8921789502831113
2008_371,-16.22835,46.515647,2008,2.7064720403221565
2008_372,-16.034097,45.868202,2008,-1.0249229089242566
2008_373,-15.942848,45.882202,2008,-0.3603364416244148
2008_374,-15.61777,46.451972,2008,2.030839116946022
2008_375,-15.848974,46.883026,2008,-0.8703564086654667
2008_376,-15.559317,47.624239,2008,-1.0033358694264856
2008_377,-15.67191,47.675347,2008,-0.9834256254341153
2008_378,-15.772509,47.706484,2008,-1.0562597888321685
2008_379,-15.753432,48.107021,2008,-0.48971927491739675
2008_380,-15.837251,48.819842,2008,3.114273508981154
2008_381,-15.877184,48.849731,2008,-0.8665590495507235
2008_382,-16.007242,48.949315,2008,-1.144966238941801
2008_383,-15.758679,48.568732,2008,-0.7128426513050747
2008_385,-16.226672,49.090663,2008,-1.2746142002914465
2008_386,-14.53823,48.217724,2008,2.516528188800383
2008_387,-15.342032,47.721066,2008,-0.7757773148661055
2008_388,-15.25801,48.533885,2008,0.03237931848490865
2008_389,-15.240621,48.58306,2008,-1.2365302859456453
2008_390,-15.296431,48.665756,2008,-1.1453704034005514
2008_391,-15.04479,48.542764,2008,-1.258260177151917
2008_392,-15.184254,48.987512,2008,-1.2345904853889518
2008_393,-14.897206,47.992022,2008,-0.8700358248498394
2008_394,-14.929241,47.887268,2008,2.130733390017747
2008_395,-15.164132,47.777556,2008,1.1441094935420697
2008_396,-15.367878,47.915969,2008,-1.2872175184585775
2008_397,-14.713158,48.611223,2008,-0.8187782314692181
2008_398,-14.432143,48.852484,2008,-1.249546069558532
2008_399,-16.310325,47.77145,2008,-0.9564719349400114
2008_400,-16.273914,47.36321,2008,-0.8590248189805574
2008_401,-16.94878,46.840381,2008,-0.41491241201204226
2008_402,-16.949873,46.835824,2008,-1.305881550160941
2008_403,-16.956911,46.828591,2008,-0.392566664949494
2008_404,-16.9122,46.819265,2008,-1.3345562538603444
2008_405,-16.834047,46.836061,2008,-1.1311395175763537
2008_406,-17.068057,46.67977,2008,1.9241610806213438
2008_407,-17.152959,46.544454,2008,-1.1129771994306636
2008_408,-17.119291,46.796939,2008,-1.189363210096286
2008_409,-16.740369,46.968842,2008,-0.3917996862309551
2008_410,-16.69712,47.058501,2008,-1.1385170203893986
2008_411,-17.234949,46.49739,2008,-1.2334599789793648
2008_412,-17.591223,46.89585,2008,-1.1282342669790375
2008_413,-17.518495,47.220462,2008,-1.3128615501042413
2008_414,-16.732926,46.777202,2008,-1.3080451978269727
2008_415,-16.805763,47.673113,2008,-1.2337114226711317
2008_416,-16.741739,47.502681,2008,-1.139698750831173
2008_417,-16.673327,47.624432,2008,-1.3448156044134136
2008_418,-16.9849,47.806686,2008,0.5622230456334296
2008_419,-16.478561,47.318463,2008,-1.3372557433736387
2008_420,-17.079845,47.246753,2008,-1.2226403521180071
2008_421,-17.480903,47.493896,2008,-1.3543101871790084
2008_422,-17.690888,47.933463,2008,-1.2336149168227735
2008_424,-17.758459,47.515291,2008,-1.312970333393008
2008_425,-17.461392,46.264929,2008,-1.4126747892029765
2008_426,-16.633922,44.626037,2008,-0.9628213628001827
2008_427,-16.732708,44.940393,2008,2.5249594673849445
2008_428,-16.506281,44.609311,2008,2.9362161996557568
2008_430,-16.311563,44.834713,2008,-0.698035684235493
2008_432,-17.71414,45.685315,2008,-1.005269096748353
2008_433,-17.724734,45.665646,2008,-1.3661480281819576
2008_434,-18.452656,44.616031,2008,-1.1821507537136668
2008_435,-18.782831,44.439044,2008,-1.0214120861810319
2008_436,-18.671585,44.45561,2008,-1.3489075561785024
2008_437,-19.087974,44.424086,2008,-1.3193219109031893
2008_438,-19.093077,44.760903,2008,-1.2289964139385974
2008_439,-17.982517,44.040791,2008,4.7084575469076455
2008_440,-18.043883,44.047817,2008,2.704480762894693
2008_441,-18.063367,44.018927,2008,2.774621564692443
2008_442,-18.097107,44.117083,2008,1.4995170295805529
2008_443,-18.130633,44.140598,2008,1.1646142704282354
2008_444,-18.211962,44.239978,2008,0.9046739693025196
2008_445,-17.959531,44.319785,2008,0.5751024651102524
2008_446,-17.506763,44.216392,2008,-1.138648630578136
2008_447,-17.434105,44.526704,2008,-1.3215638254889597
2008_448,0.0,0.0,2008,-0.962712584223374
2008_450,-17.981945,44.622487,2008,-1.226884878185807
2008_451,-23.354022,43.668276,2008,-1.3963887871001879
2008_452,-23.350551,43.693265,2008,-1.2472494628067046
2008_453,-23.353756,43.684313,2008,-1.0210454360924521
2008_454,-23.366789,43.677573,2008,-1.1807001903333894
2008_455,-23.34082,43.678785,2008,-1.169727282951918
2008_456,-23.345705,43.663656,2008,-0.8423244925925699
2008_457,-21.669232,45.135804,2008,-1.0318451470459484
2008_458,-21.615382,43.640944,2008,2.8651188294569834
2008_459,-22.256092,43.714256,2008,-1.1695053006654248
2008_460,-22.129081,44.601294,2008,-1.1929019945255592
2008_461,-23.772351,44.296147,2008,-1.2582178038056107
2008_462,-23.710231,44.44204,2008,-1.1611375893811995
2008_463,-23.48371,44.695373,2008,-1.302795831965492
2008_464,-24.831676,44.856768,2008,-1.3908164799080633
2008_465,-24.335656,44.953663,2008,-1.3332096423817974
2008_466,-24.265072,44.627711,2008,-1.343707983745737
2008_467,-25.030551,44.274471,2008,-1.2003492483847065
2008_468,-24.158558,45.077434,2008,-1.3400915328046255
2008_469,-23.029454,44.772785,2008,-1.2396044755891835
2008_470,-22.736692,44.430593,2008,-1.203561561078583
2008_471,-23.359375,43.674729,2008,-0.18920918610151405
2008_472,-23.4609,43.940022,2008,-1.1424031815387194
2008_473,-23.535602,44.011695,2008,-1.1772751612261698
2008_474,-22.832418,43.628206,2008,-1.041728481914584
2008_475,-23.794112,43.671976,2008,-1.149313215958756
2008_476,-24.96059,44.940103,2008,-1.02891272668645
2008_477,-25.23904,44.888264,2008,-1.2968024424358306
2008_478,-24.962319,44.820709,2008,-1.1823962728023287
2008_479,-24.829942,45.358298,2008,-1.1374491235611182
2008_480,-25.209269,45.517406,2008,-0.9216393083684066
2008_481,-25.419047,45.614635,2008,-1.2737063243155244
2008_482,-25.522257,45.309886,2008,-0.8309133476940089
2008_483,-25.269634,45.766105,2008,-1.110695419339062
2008_484,-25.177884,46.108442,2008,-1.1067926853866736
2008_485,-25.238611,46.130366,2008,-1.1929251782432562
2008_486,-25.255238,45.91994,2008,-1.23414947434476
2008_487,-25.18304,45.973927,2008,-0.6925865622099013
2008_488,-25.145695,46.161046,2008,1.673168459776845
2008_489,-25.201095,46.212747,2008,-0.7859542028628892
2008_490,-25.329263,45.857372,2008,-1.3809999283046241
2008_491,-25.295768,45.762326,2008,-1.3645055842728537
2008_492,-24.816281,45.713339,2008,-0.9528135975520781
2008_493,-24.671927,45.618235,2008,-1.0609005810361138
2008_494,-24.913739,45.392589,2008,-1.3618031201367058
2008_495,-24.412042,45.790067,2008,-1.260935980272186
2008_496,-24.26306,45.295357,2008,0.6624339979779054
2008_497,-23.959208,45.248357,2008,-0.9036760381161307
2008_498,-24.438098,45.384163,2008,1.5744290640280842
2008_499,-24.435213,45.293951,2008,-1.3384526617543708
2008_500,-24.179265,45.691822,2008,1.8900075681088
2008_501,-25.02775,46.985861,2008,-1.2918582988448841
2008_502,-25.037717,46.963836,2008,-1.202943388536753
2008_503,-25.016297,46.975958,2008,-1.3005943919819487
2008_504,-24.994459,46.975973,2008,-1.335234577994264
2008_505,-24.862079,46.822403,2008,-0.6693034542549618
2008_506,-24.971205,46.79821,2008,-1.3793536674519233
2008_507,0.0,0.0,2008,-1.3617332506510897
2008_508,-24.763824,47.191659,2008,-1.389855073186764
2008_509,-24.605929,46.908145,2008,-1.2500440120285912
2008_510,-24.474484,47.000301,2008,3.5717018838604617
2008_511,-24.148108,47.325756,2008,2.2349737255478432
2008_512,-23.269859,46.112094,2008,1.8309711070468444
2008_513,-23.284703,46.109628,2008,1.9149946640728015
2008_514,-23.350693,45.783198,2008,-0.6914246710085848
2008_515,0.0,0.0,2008,-0.7953806256902397
2008_516,-23.377165,45.64273,2008,-1.1952837282769664
2008_517,-23.8095,45.689472,2008,1.80856145385867
2008_518,-23.435541,45.41062,2008,-0.36563645503248515
2008_519,-25.046294,46.395649,2008,-0.619598962671778
2008_520,-24.947071,46.382755,2008,0.022746286386583988
2008_521,-25.154758,46.325774,2008,-0.4494263157427405
2008_522,-24.455364,46.344471,2008,-1.0578228076981342
2008_523,-23.996231,46.184964,2008,0.35111757218566947
2008_524,-24.389371,46.325838,2008,-0.8100026724624732
2008_525,-24.308769,46.0481,2008,-1.1214616461583287
2008_526,-21.392458,44.43229,2008,-1.2030717650876472
2008_527,-21.250773,44.570039,2008,-1.1756020395120863
2008_528,-21.749182,43.924747,2008,-0.08640725159996646
2008_529,-20.277527,44.30445,2008,-0.8062167733312093
2008_530,-20.298752,44.29346,2008,0.09331712373814402
2008_531,-20.294691,44.271049,2008,-0.7758765152406121
2008_532,-20.308927,44.303515,2008,-0.643309410189262
2008_533,-20.200716,44.327831,2008,-1.1493376425600543
2008_534,-20.288865,44.560547,2008,-1.0505499925250672
2008_535,-20.687121,44.459789,2008,3.0974123036795764
2008_536,-20.375151,44.672761,2008,2.5525254545858345
2008_537,-20.318884,44.608012,2008,0.0443530155940627
2008_538,-20.384972,44.607754,2008,2.4268578592418684
2008_539,-20.412219,45.053469,2008,2.5443812128739007
2008_540,-21.05892,44.93385,2008,2.4663602329038032
2008_541,-20.828193,45.036113,2008,0.06924260307926146
2008_542,-19.697199,44.548689,2008,-0.9912396306424589
2008_543,-19.668352,44.555721,2008,0.8197931204105486
2008_544,-19.506532,44.77612,2008,-0.48326706419792353
2008_545,-19.455342,44.962444,2008,-0.8082278476958039
2008_546,-19.374704,45.571925,2008,-0.8595556119393639
2008_547,-19.639052,45.664162,2008,2.9472595236643078
2008_548,-19.829045,45.514752,2008,-0.21669441342298013
2008_549,-20.008873,45.505577,2008,0.12294659457405463
2008_551,-12.452078,49.296023,2008,1.939688882775127
2008_552,-12.450679,49.507329,2008,-0.4930244311978378
2008_553,-12.617608,49.542234,2008,-0.8696229404626563
2008_554,-12.627003,49.081058,2008,-0.40968616409177927
2008_555,-12.276491,49.287807,2008,-0.7037729172709295
2008_556,-12.291493,49.289389,2008,-1.1382930340252007
2008_557,-12.324135,49.248664,2008,0.5191383718902987
2008_558,-12.296866,49.299869,2008,-0.92986896346927
2008_559,-13.188695,49.045667,2008,-1.1553703761983949
2008_560,-13.211276,49.019917,2008,-1.1244804298245112
2008_561,-13.134823,48.924219,2008,-1.0568141641482325
2008_562,-13.272801,49.144753,2008,-0.7092870049677168
2008_563,-13.097754,48.958559,2008,1.6045399226398347
2008_564,-13.185468,48.848192,2008,-1.115973502079173
2008_565,-13.119785,49.284568,2008,-0.7669011096450356
2008_566,-13.61666,48.81064,2008,-1.210324498005192
2008_567,-13.401018,48.265771,2008,-1.0658364538573422
2008_568,-13.470172,48.349392,2008,-0.3459067174145031
2008_569,-13.344462,48.202944,2008,-1.097034231719021
2008_570,-13.678217,48.448512,2008,0.40717269265172845
2008_571,-13.714607,48.404349,2008,-0.0660864873806727
2008_572,-13.845689,48.271277,2008,-1.2045845986098231
2008_573,-13.861868,48.523497,2008,-1.2317058521607658
2008_574,-13.985745,48.602442,2008,-1.2636412783224333
2008_575,-13.657733,48.044101,2008,-1.1026751409106974
2008_576,-14.866389,50.220382,2008,-1.128400478041525
2008_577,-14.915642,50.292239,2008,-0.995634514677101
2008_578,-14.722937,50.189967,2008,-0.5966658386343238
2008_579,-14.933994,50.203929,2008,-0.2651781280631869
2008_580,-15.131896,50.10197,2008,-0.9338709476352157
2008_581,-14.696488,50.066315,2008,-0.19311241833776252
2008_582,-15.87256,50.247011,2008,0.4311045312819376
2008_583,-14.277735,50.152625,2008,2.483915252006713
2008_584,-14.282281,50.1787,2008,3.161314133092389
2008_585,-14.466,50.164542,2008,2.543041540062187
2008_586,-14.307827,49.901196,2008,-1.053850110930011
2008_587,-14.47575,50.021503,2008,-1.0227204662481912
2008_588,-14.222165,49.696514,2008,-1.3088739992285083
2008_589,-14.481049,49.782451,2008,-0.5622352140442588
2008_590,-14.008265,49.602385,2008,-0.7838215052525035
2008_591,-14.674244,49.664544,2008,-1.1628507350677801
2008_592,-14.701992,49.608947,2008,-1.1444932921265076
2008_593,-14.638682,49.564417,2008,-0.9018751501191024
2008_594,-14.630578,49.499009,2008,-1.2341429569138413
2008_595,-14.395152,49.506815,2008,-1.0967058165257835
2008_596,-13.611876,49.917904,2008,-0.5667473352267616
2008_597,-13.42835,49.523022,2008,-1.0509115529398303
2008_598,-13.646018,49.586893,2008,-1.004824834466035
2008_599,-13.818543,49.740027,2008,-0.644345858379697
2008_600,-14.031697,49.964903,2008,-0.17944044364450046
2011_1,-18.810593,47.547694,2011,-0.3829145029396683
2011_2,-18.821461,47.562162,2011,2.281117887310481
2011_3,-18.858146,47.578433,2011,-0.4377676715331694
2011_4,-18.751188,47.627068,2011,4.757195355599055
2011_5,-18.790909,47.455721,2011,0.02420112211508117
2011_6,-18.824424,47.519282,2011,2.0951251108288056
2011_7,-18.80002,47.480781,2011,-1.2486735013712436
2011_8,-18.749716,47.362492,2011,-0.9289728295768466
2011_9,-18.884661,47.407665,2011,-0.9618152328816172
2011_10,-18.286927,47.093812,2011,-1.163881365001792
2011_11,-18.65925,47.068361,2011,-0.8982540025696103
2011_12,-19.029857,47.823218,2011,0.6534950344983749
2011_13,-19.09813,47.818496,2011,-0.568341975270222
2011_14,-18.527545,47.776571,2011,-0.8331868686870745
2011_15,-18.269603,47.631014,2011,-0.26497152183313843
2011_16,-18.197057,47.538238,2011,-0.4573230835559379
2011_17,-19.188129,47.68328,2011,0.4732999480181183
2011_18,-18.93032,47.495588,2011,-0.7333613334743359
2011_19,-18.925338,47.480818,2011,-1.0844016697886343
2011_20,-18.911644,47.45464,2011,-0.3964989722661343
2011_21,-18.964544,47.530418,2011,-0.6512570221828489
2011_22,-18.96109,47.564298,2011,2.0335579806947783
2011_23,-18.908991,47.435086,2011,-0.8416747529308537
2011_24,-18.996418,47.556018,2011,-0.2833779300957466
2011_25,-19.79597,46.74349,2011,0.0888406944804805
2011_26,-19.713559,46.598851,2011,3.9680074232397007
2011_27,-19.228937,47.004783,2011,2.06091253936373
2011_28,-20.079001,47.00525,2011,-0.24402249878545665
2011_29,0.0,0.0,2011,-0.6920684779842411
2011_30,-19.008488,47.180054,2011,3.1202893200038995
2011_31,-19.030139,47.21485,2011,-0.09954068720496488
2011_32,-18.979507,47.332145,2011,-0.6899403953910147
2011_33,-19.097815,47.434847,2011,-1.252937444947555
2011_34,-18.951216,46.913205,2011,2.6659497759693793
2011_35,-18.959824,46.912287,2011,3.546825521799018
2011_36,-18.889907,46.846469,2011,-0.04940292736771576
2011_37,-18.950335,46.72877,2011,5.785724293216828
2011_38,-18.710796,46.664877,2011,1.7538787952900101
2011_39,-19.120893,46.827897,2011,2.5285160514043725
2011_40,-18.768371,46.051483,2011,2.3381268315406825
2011_41,-18.998623,46.092869,2011,1.5272125565134185
2011_42,-18.973699,45.632391,2011,-1.0198246390863812
2011_43,-18.466561,46.556541,2011,-0.46003361437746504
2011_44,-21.845952,46.98207,2011,-0.27145197353082906
2011_45,-21.827074,46.939195,2011,-0.9176773437049144
2011_46,-21.866316,46.884869,2011,-0.914686176884508
2011_47,-21.804015,46.886401,2011,-0.5411715186483843
2011_48,-21.981082,46.440778,2011,-1.0167925499616814
2011_49,-21.09581,47.215887,2011,1.3632844702123303
2011_50,-21.070149,47.277188,2011,-1.1424425772133378
2011_51,-20.975458,47.26039,2011,2.730292855308692
2011_52,-20.824506,47.196207,2011,-0.3490228713100857
2011_53,-21.453046,46.489012,2011,-0.7580609198627085
2011_54,-21.434238,47.265952,2011,-1.016100355313682
2011_55,-21.482862,47.20782,2011,-1.1629095130349858
2011_56,-21.583399,47.032469,2011,2.6992582565680237
2011_57,-21.680617,47.045375,2011,-1.0792827430176979
2011_58,-21.485643,46.931917,2011,-0.5934999771241672
2011_59,-21.15366,46.878741,2011,-1.168578168609847
2011_60,-20.359333,46.902764,2011,-0.6539330629965394
2011_61,-20.530808,47.247873,2011,2.241517868900255
2011_62,-20.53229,47.221758,2011,-1.0680186912973098
2011_63,-20.534598,47.245544,2011,-0.9833556461355679
2011_64,-20.531865,47.252028,2011,0.9091706288066622
2011_65,-20.553586,47.248228,2011,-0.997323732238014
2011_66,-20.547692,47.192479,2011,2.4004988831346386
2011_67,-20.557338,47.311613,2011,1.6764028796397967
2011_68,-20.708045,47.615758,2011,-0.9126302936597205
2011_69,-20.083968,47.351364,2011,2.1610357258388455
2011_70,-20.124294,47.483809,2011,2.8623052472665185
2011_71,-20.69547,47.072926,2011,3.0134688167199553
2011_72,-21.656448,47.66961,2011,-0.9643366740117315
2011_73,-20.607966,48.275311,2011,2.211841714633746
2011_74,-20.768536,47.93458,2011,-1.1143142194460804
2011_75,-20.99755,48.427396,2011,-1.0669973629803355
2011_76,-22.147019,48.001797,2011,-1.3762166971992789
2011_77,-22.213826,47.914275,2011,-1.2549787396267196
2011_78,-22.210041,47.733723,2011,-1.3183523020452947
2011_79,-21.758729,47.802928,2011,0.13044903915877396
2011_80,-21.546575,47.477769,2011,-0.8414293370725872
2011_81,-22.244215,47.77033,2011,1.518838804569735
2011_82,-22.398881,46.115593,2011,-1.335977559914995
2011_83,-22.223783,46.143445,2011,-1.320410078619123
2011_84,-22.459709,46.893775,2011,-1.4045665783180268
2011_85,-22.816378,47.821129,2011,-1.3807995595858147
2011_86,-22.858636,47.707735,2011,-1.201684142618871
2011_87,-22.937315,47.445954,2011,0.6327712075908614
2011_88,-23.34115,47.599968,2011,-0.9360210105177025
2011_89,-23.340634,47.649853,2011,-1.2113629157875558
2011_90,-23.453576,47.297468,2011,3.605333480913038
2011_91,-23.536787,47.008872,2011,-1.09172822062361
2011_92,-23.892736,46.951756,2011,-1.2956936173214149
2011_93,-18.16495,49.402344,2011,-1.104152115699429
2011_94,-18.160132,49.410516,2011,-0.7663368900442894
2011_95,-18.140599,49.392335,2011,-0.8495295559857301
2011_96,-18.163728,49.391653,2011,-1.0556502642276087
2011_97,-18.136429,49.406226,2011,-0.8608346875986349
2011_98,-18.15252,49.399221,2011,-1.2842082615490897
2011_99,-18.146156,49.400009,2011,0.613085570444595
2011_100,-18.142362,49.381254,2011,-1.098589922888487
2011_101,-18.942186,48.688528,2011,2.4559373962360875
2011_102,-19.33645,48.975242,2011,0.2008383359969076
2011_103,-19.591787,48.750527,2011,-1.4130883040463618
2011_104,-20.150625,48.510158,2011,-1.35408701168316
2011_105,-20.161612,48.014762,2011,-0.5538079041578594
2011_106,-17.898826,49.411395,2011,-1.451978636076965
2011_107,-17.848489,49.133048,2011,-1.2044986838428264
2011_108,-17.116589,49.805304,2011,-1.34418425776634
2011_109,-15.334862,49.791198,2011,-1.308850828260017
2011_110,-16.144564,49.708863,2011,-1.3167746637589404
2011_111,-16.037401,49.356945,2011,-1.1912180507155483
2011_112,-17.376802,49.390738,2011,2.329152857086404
2011_113,-17.393864,49.411294,2011,4.585432665505053
2011_114,-17.309573,49.23607,2011,-1.371766984491846
2011_115,-17.543911,49.217539,2011,-1.267447883105109
2011_116,-17.591201,48.875538,2011,-1.3705127313986865
2011_117,-17.623707,48.201544,2011,-0.02662359491650877
2011_118,-17.648492,48.160054,2011,1.9312988163557063
2011_119,-17.316021,48.540795,2011,-1.1259263494259233
2011_120,-17.824674,48.415996,2011,-0.7285490631312831
2011_121,-17.834871,48.426147,2011,-0.7835621707511717
2011_122,-17.591242,48.504941,2011,-0.8047762751337153
2011_123,-17.959919,48.47391,2011,-1.0901164688215896
2011_124,-18.946836,48.236175,2011,2.36223989857622
2011_125,-18.867788,48.003287,2011,-0.8326527298819167
2011_126,-19.252811,47.969586,2011,-1.0219866432343605
2011_127,-19.392699,48.070271,2011,-0.9787069756657775
2011_128,-15.702896,46.320916,2011,-1.2579353187810236
2011_129,-15.71203,46.312129,2011,-1.1941029412028485
2011_130,-15.71547,46.313029,2011,-1.2072955847632956
2011_131,-15.726158,46.313601,2011,0.2642669010241096
2011_132,-15.714475,46.315753,2011,-1.053715872263929
2011_133,-15.702466,46.351621,2011,-1.387524577252352
2011_134,-15.723019,46.339784,2011,-0.8190101747359697
2011_135,-15.998489,45.500176,2011,3.108226993851438
2011_136,-16.442812,46.492925,2011,-1.3618504624226753
2011_137,-16.103292,46.680488,2011,-0.7787046338466026
2011_138,-16.051858,46.603204,2011,-0.9992769123460389
2011_139,-16.278825,46.571333,2011,2.432295839138583
2011_140,-15.768371,47.040959,2011,1.7561542680817968
2011_141,-15.561688,47.6262,2011,-0.9560487050453538
2011_142,-15.871207,48.106714,2011,-0.8956859387048405
2011_143,-15.861524,48.818809,2011,-1.3737616318971633
2011_144,-15.716671,48.978332,2011,2.3259132892808903
2011_145,-16.404655,48.985022,2011,-1.1074716232501307
2011_146,-15.075707,47.535044,2011,0.6741433224820333
2011_147,-14.99315,48.51832,2011,-1.3467435668268595
2011_148,-14.872626,47.988009,2011,-1.067586383023047
2011_149,-14.948089,48.176086,2011,-1.31497911967508
2011_150,-14.636737,48.820788,2011,-0.911896794217966
2011_151,-16.0066,47.637962,2011,-1.3433591075492397
2011_152,-16.941107,46.832005,2011,-0.9268122607030992
2011_153,-17.39996,47.208476,2011,-1.3886788617463612
2011_154,-16.489567,47.52946,2011,-1.2793558464577177
2011_156,-18.065057,44.025438,2011,-1.2864386108481027
2011_157,-18.136618,44.119939,2011,0.3063750066419772
2011_158,-23.354875,43.680849,2011,1.0306958500384276
2011_159,-23.357685,43.685583,2011,-0.8093083875282104
2011_160,-23.356377,43.681809,2011,-1.0694992241792425
2011_161,-23.339526,43.700218,2011,-1.31742021815512
2011_162,-23.343787,43.671661,2011,2.493716300491598
2011_163,-21.653477,45.142269,2011,1.5723886568403183
2011_164,-22.289924,44.526028,2011,-0.7487719944860156
2011_165,-23.953101,44.584916,2011,-1.1065439342888688
2011_166,-23.81381,44.064056,2011,-0.7814902731638053
2011_167,-23.906075,44.458732,2011,-0.7018756906641462
2011_168,-23.726547,44.502692,2011,3.8332350335603382
2011_169,-23.564315,44.768552,2011,-0.5547559972208418
2011_170,-23.823581,44.922744,2011,4.009320903511731
2011_171,-24.691411,44.747759,2011,1.115375802012963
2011_172,-25.101249,44.612737,2011,2.645131332345483
2011_173,-24.685432,44.944602,2011,2.2443995854617524
2011_174,-24.347501,45.004257,2011,-0.06610427308421328
2011_175,-24.440957,44.728639,2011,2.623850908110247
2011_176,-24.124251,44.528561,2011,1.1025988645450915
2011_177,-24.369787,44.496656,2011,1.6805093214185765
2011_178,-24.360892,44.617637,2011,-0.5303894948576897
2011_179,-24.189745,44.424198,2011,1.2153826607351268
2011_180,-24.321152,44.694051,2011,-0.35417277190945906
2011_181,-25.020744,44.259983,2011,-0.1977842726883851
2011_182,-24.151565,44.560886,2011,-0.7687976872384277
2011_183,-23.956033,44.917997,2011,1.3341354316035556
2011_184,-24.055029,44.945577,2011,-0.9106630083654853
2011_185,-24.290861,43.752599,2011,1.1704720406942763
2011_186,-24.718237,43.993635,2011,-0.7391202925979851
2011_187,-25.001008,44.084262,2011,0.23918724723297446
2011_188,-23.300262,43.691247,2011,2.785059700939966
2011_189,-22.882589,43.578475,2011,-0.8064754373590275
2011_190,-23.51165,44.999794,2011,-0.4773162685740833
2011_191,-25.099359,44.978845,2011,-0.4636373598464729
2011_192,-25.16097,44.944296,2011,-0.9541017139052439
2011_193,-25.069407,45.192595,2011,3.531694847108118
2011_194,-25.062218,44.824477,2011,2.641973757901819
2011_195,-24.776946,45.133785,2011,1.189340226587177
2011_196,-24.92998,45.207943,2011,2.2595303851451116
2011_197,-25.267321,45.392926,2011,-0.07733906369623432
2011_198,-25.394829,45.326242,2011,2.928823684857749
2011_199,-25.557818,45.407708,2011,1.79264074317759
2011_200,-25.507498,45.626737,2011,0.539056402627176
2011_201,-25.328306,45.673724,2011,1.3586736304018132
2011_202,-25.323826,45.702531,2011,-0.3620525093977579
2011_203,-25.173443,46.103053,2011,-1.1263953673203657
2011_204,-25.18893,46.064809,2011,2.7347938154492475
2011_205,-25.211952,46.122989,2011,1.5190645711520823
2011_206,-25.257681,45.985519,2011,-0.7968097313707626
2011_207,-25.07335,46.163552,2011,-0.4569128431001592
2011_208,-25.243166,45.956412,2011,1.1553323756381617
2011_209,-25.169482,45.975643,2011,-0.7537083181647785
2011_210,-25.197125,46.137382,2011,1.558855810132617
2011_211,-25.190595,46.216383,2011,-0.9405166498992755
2011_212,-25.250972,45.866953,2011,-0.6937629610878561
2011_213,-25.362089,45.841655,2011,-0.6293054413418185
2011_214,-25.153752,45.828858,2011,1.0800380150166091
2011_215,-25.174242,45.636248,2011,0.8197826967756586
2011_216,-24.824555,45.651957,2011,-1.182835166407601
2011_217,-24.625139,45.555135,2011,-0.9978317146995194
2011_218,-24.705849,45.535699,2011,-0.9951287625487389
2011_219,-24.904502,45.549196,2011,-1.2504243694651067
2011_220,-25.096142,45.567249,2011,0.8604867451074132
2011_221,-24.455572,45.965669,2011,-0.9110337224021144
2011_222,-24.301699,45.459283,2011,-0.5511731923330481
2011_223,-25.028465,46.989476,2011,-0.9263025365728451
2011_224,-25.03248,46.981931,2011,-0.7610443844378021
2011_225,-25.182991,46.661315,2011,-0.8893962397738866
2011_226,-25.168547,46.552792,2011,2.4557051020793144
2011_227,-24.584541,46.936965,2011,-0.6723937258621266
2011_228,-23.279202,46.095242,2011,1.8448496990644763
2011_229,-22.812113,45.737504,2011,1.5767167605882895
2011_230,-25.004016,46.38759,2011,0.7933794701207547
2011_231,-25.030748,46.377009,2011,3.1112877711674503
2011_232,-24.982191,46.365524,2011,0.40039479682017126
2011_233,-25.058228,46.481009,2011,-0.9577986470600558
2011_234,-25.179903,46.31169,2011,-0.9471917393780356
2011_235,-24.920605,46.214682,2011,-1.314724010998527
2011_236,-24.284011,46.578918,2011,-0.8642053170205044
2011_237,-24.168678,46.851046,2011,3.128276510799123
2011_238,-24.211906,46.378593,2011,-0.8648426677715166
2011_239,-24.048567,46.080959,2011,-0.9692507475048249
2011_240,-24.303825,45.97542,2011,-1.4255535919507691
2011_241,-24.467831,46.158647,2011,-1.0666215493308209
2011_242,-21.631449,43.781477,2011,-1.2014034572042858
2011_243,-20.297609,44.277237,2011,-0.6119178937996919
2011_244,-20.306225,44.281187,2011,1.5011242223259964
2011_245,-20.304271,44.840002,2011,-1.1084821168892696
2011_246,-19.395756,44.630312,2011,-0.5326109641598934
2011_247,-19.349677,45.455303,2011,-0.9479754371141694
2011_248,-12.606411,49.260711,2011,1.5104466526574172
2011_249,-12.287421,49.292925,2011,-1.085048492080457
2011_250,-12.287285,49.298473,2011,-0.9567305899560992
2011_251,-12.286494,49.312755,2011,2.921570866430455
2011_252,-12.316362,49.29402,2011,-0.7623073200312923
2011_253,-13.211192,49.044668,2011,-0.9378241433567872
2011_254,-13.692506,48.797599,2011,-0.6535092027049265
2011_255,-13.408888,48.262938,2011,-1.2544183239828552
2011_256,-13.33698,48.198761,2011,-1.2450669566866188
2011_257,-13.689529,48.454315,2011,-0.7567134010053074
2011_258,-13.605809,48.415976,2011,-1.2104468551953493
2011_259,-14.902631,50.272617,2011,-1.2767990890944898
2011_260,-14.680007,50.211971,2011,-1.2635475830216303
2011_261,-14.608716,49.961256,2011,-1.3476922803746039
2011_262,-14.268091,50.143075,2011,4.861541708047984
2011_263,-14.464196,50.055314,2011,3.689068938068357
2011_264,-14.65117,49.632103,2011,2.5430460607573
2011_265,-14.663314,49.659668,2011,3.073041566923549
2011_266,-14.37826,49.512245,2011,3.7208487314726604
2011_267,-13.354909,50.012471,2011,2.228934455792026
2011_268,-13.903098,49.727993,2011,3.610300161457986
2013_1,-18.845026,47.534988,2013,0.9291360152461353
2013_2,-18.94601,47.605573,2013,-0.7242184806162968
2013_3,-18.863378,47.56636,2013,-1.2666882032997446
2013_4,-18.94827,47.671312,2013,3.4278757222191945
2013_5,-19.065608,47.680092,2013,2.161102979894021
2013_6,-18.846055,47.434847,2013,1.9513902365984224
2013_7,-18.839895,47.478169,2013,1.1522472586143844
2013_8,-18.824754,47.454456,2013,3.427162506775821
2013_9,-18.748662,47.37015,2013,3.2068990924061342
2013_10,-18.884091,47.409206,2013,2.7007118103131393
2013_11,-18.132391,46.991108,2013,5.266650080332356
2013_12,-17.846465,47.085887,2013,-1.1287193475449473
2013_13,-18.986283,47.772161,2013,-1.1568867022097984
2013_14,-19.127849,47.794755,2013,-1.294012796196953
2013_15,-18.747498,47.718757,2013,-0.5953091816455415
2013_16,-18.288925,47.821559,2013,-1.1959752319769803
2013_17,-18.12047,47.528584,2013,-1.217498967461816
2013_18,-19.156151,47.551067,2013,-1.136952621010199
2013_19,-19.175537,47.824287,2013,-0.043146339275449676
2013_20,-18.964547,47.453758,2013,1.474638511961759
2013_21,-18.906744,47.477226,2013,1.2668127566016387
2013_22,-18.943502,47.444432,2013,-1.0085725522091995
2013_23,-18.954516,47.534995,2013,-1.3743989768316403
2013_24,-18.990883,47.539004,2013,0.10519995611816166
2013_25,-18.979235,47.484619,2013,-0.3677841388845969
2013_26,-18.980392,47.50284,2013,2.4940880717811447
2013_27,-19.078592,47.543702,2013,-1.1206676766147394
2013_28,-19.751916,46.6108,2013,-1.0242016957575606
2013_30,-19.413649,46.801779,2013,-0.033258165184595484
2013_31,-20.047987,47.047816,2013,-0.2696200592571042
2013_32,-19.560246,46.596471,2013,0.20013588137703883
2013_33,-19.013256,47.169635,2013,-0.49543382016610477
2013_34,-18.99762,47.222564,2013,-0.963250825188948
2013_35,-18.963657,47.330412,2013,-0.5777524932532225
2013_36,-18.840582,47.200755,2013,1.8107143367419103
2013_37,-18.944669,46.921651,2013,2.9412807861568426
2013_38,-18.955318,46.903598,2013,-0.3555146650023852
2013_39,-18.926711,46.965729,2013,-1.1107290764170132
2013_40,-18.859156,46.629094,2013,3.5953980214619263
2013_41,-18.836991,46.737286,2013,1.1760530254119848
2013_42,-19.126665,46.67892,2013,-0.03621685388743527
2013_43,-18.777906,46.050778,2013,-1.030896417607542
2013_44,-18.737724,46.037531,2013,0.44654040524506894
2013_45,-18.739895,46.406195,2013,-0.4677633602705509
2013_46,-18.501776,45.880964,2013,-0.10872897903164234
2013_47,-18.605051,46.689902,2013,2.4861091384054252
2013_48,-21.819182,46.937397,2013,3.37295812910005
2013_49,-21.844897,46.925648,2013,5.770704323835383
2013_50,-21.823495,46.927969,2013,2.5396948446756773
2013_51,-21.848592,46.982735,2013,3.2881856280791872
2013_52,-21.932943,46.989851,2013,2.7240191240828957
2013_53,-21.918183,46.76626,2013,2.431374653587038
2013_54,-21.101965,47.22549,2013,-0.8289349574823768
2013_55,-21.112509,47.307341,2013,0.15343864782691477
2013_56,-20.972638,47.276606,2013,0.44877655656332843
2013_57,-21.25818,47.114603,2013,-1.3642161908477728
2013_58,-21.498039,46.741858,2013,-0.9097647753203807
2013_59,-21.482402,47.177673,2013,1.9523915968886978
2013_60,-21.268517,47.300887,2013,-0.9271351743062309
2013_61,-21.722013,47.261058,2013,-0.7827772613637509
2013_62,-21.616396,46.805242,2013,3.6140757447037175
2013_63,-21.716594,47.338581,2013,-1.2456613510760641
2013_64,-21.243343,47.021297,2013,-0.9897372210548396
2013_65,-21.12551,46.947777,2013,-1.0590257109335757
2013_66,-20.353474,46.943582,2013,-0.9978094973542139
2013_68,-20.522764,47.238977,2013,-0.040206959870938086
2013_69,-20.527651,47.237563,2013,1.865004012057386
2013_70,-20.54012,47.25602,2013,-1.208068108773672
2013_71,-20.523693,47.244797,2013,-0.9367454449439032
2013_72,-20.554852,47.244751,2013,-0.5684375271998756
2013_73,-20.560118,47.217804,2013,3.467822485135089
2013_74,-20.451086,47.262859,2013,-1.3087414116544556
2013_75,-20.209909,47.054761,2013,-0.7272164978841756
2013_76,-20.284811,47.424541,2013,-0.9176522699388265
2013_77,-20.345668,47.268678,2013,-0.7099534018018595
2013_78,-20.467971,47.357167,2013,0.7615090773021412
2013_79,-20.799203,46.968052,2013,-0.8647027279423128
2013_80,-21.542269,47.705496,2013,-1.0365459110931514
2013_81,-20.428923,48.361929,2013,2.404871105584892
2013_82,-20.558567,48.21504,2013,3.137988015571683
2013_83,-21.239234,48.313839,2013,2.0858973671442462
2013_84,-21.394703,48.019961,2013,0.7633267112408234
2013_85,-20.864168,47.901362,2013,4.262999811301245
2013_86,-22.189423,47.983852,2013,0.0037234528151522126
2013_87,-21.81063,47.826011,2013,-1.358304563265244
2013_88,-21.745662,48.046219,2013,-1.0713840271245076
2013_89,-21.878395,47.450932,2013,-1.279330752316964
2013_90,-22.156962,47.375384,2013,-0.26630883137851624
2013_91,-22.445429,47.736628,2013,-1.115992839640693
2013_92,-22.393873,46.129511,2013,0.32794050515394046
2013_93,-22.515479,45.166925,2013,-1.1288478867141774
2013_94,-22.876411,47.726041,2013,2.3111431084453717
2013_95,-22.851781,47.545896,2013,-0.9318933065557201
2013_96,-23.336684,47.59908,2013,-1.2883968425664523
2013_97,-23.413401,47.599876,2013,-1.2823037619532116
2013_98,-23.55284,47.564996,2013,-1.2342827617883543
2013_99,-23.911065,47.146685,2013,-0.7850307267071759
2013_100,-22.840058,47.349323,2013,-1.0182383591093873
2013_101,-22.536229,47.510478,2013,-0.4325154166999162
2013_102,-18.167541,49.394547,2013,-0.7278295851509723
2013_103,-18.160857,49.376987,2013,-1.1250191991953178
2013_104,-18.15213,49.389829,2013,-0.9333941436345866
2013_105,-18.178782,49.394556,2013,-0.7852105670634301
2013_106,-18.155119,49.393042,2013,-1.0957902837016618
2013_107,-18.129125,49.39699,2013,-1.253779670070393
2013_108,-18.137492,49.38825,2013,-1.311100277153837
2013_109,-18.143727,49.404567,2013,-1.3424900733551097
2013_110,-18.899808,49.009592,2013,-0.8405921212935509
2013_111,-18.604323,48.659976,2013,-1.3485796239449679
2013_112,-19.68655,48.818495,2013,3.333523883237069
2013_113,-20.25725,48.635428,2013,1.6625705322586826
2013_114,-19.829436,48.301136,2013,-1.244065962926107
2013_115,-17.903461,49.416422,2013,-1.0892496199018746
2013_116,-17.756529,49.169104,2013,-1.309057933998543
2013_117,-16.902175,49.878365,2013,-0.961700826548981
2013_118,-15.43327,49.734964,2013,-1.302301618617962
2013_119,-15.290077,49.746395,2013,-0.9480983939759337
2013_120,-15.689183,49.634039,2013,-0.8298901571875347
2013_121,-16.321535,49.58374,2013,-0.7941639075964616
2013_122,-17.380344,49.399038,2013,-1.3175824830820442
2013_123,-17.579936,49.385821,2013,-0.7870517932515587
2013_124,-17.123119,49.395356,2013,3.0257244725836725
2013_125,-17.406731,49.306152,2013,-1.2494782411143257
2013_126,-16.840566,49.630464,2013,-1.2175150973032558
2013_127,-17.509174,48.313234,2013,-1.0579489832810596
2013_128,-17.75163048,48.21826009,2013,-1.3726866788493677
2013_129,-17.247047,48.545312,2013,-1.175831313877747
2013_130,-17.818442,48.415593,2013,-1.2320115157993576
2013_131,-17.832952,48.418192,2013,-0.835533822945736
2013_132,-17.555365,48.514744,2013,0.29889050832348313
2013_133,-18.088214,48.38042,2013,-0.7983433770851118
2013_134,-18.95186,48.206223,2013,-0.9409671606283173
2013_135,-18.955614,48.229394,2013,0.8866949045322643
2013_136,-18.756821,48.346906,2013,-1.2339095767870651
2013_137,-19.222847,47.971834,2013,-1.285967258027126
2013_138,-17.041022,48.543119,2013,-1.1978334278808196
2013_139,-19.355151,48.230374,2013,-1.19709133927297
2013_140,-15.696581,46.3245,2013,-1.170991406767311
2013_141,-15.72604724,46.3127017988,2013,0.164180992410685
2013_142,-15.72297,46.314835,2013,-0.7846652825661181
2013_143,-15.7119726704,46.3103089456,2013,-1.192043072763963
2013_144,-15.707928,46.341553,2013,-1.254621565784811
2013_145,-15.712159,46.340242,2013,1.9630730110671488
2013_146,-15.719457,46.344688,2013,-0.9532225952298624
2013_147,-16.458185,46.752928,2013,-1.1377843796701579
2013_149,-16.100092,46.681529,2013,-0.7030683449580006
2013_150,-15.96947,46.947102,2013,-0.9376566178271815
2013_151,-15.992475,46.09981,2013,-1.3113139632020943
2013_152,-15.578036,47.621276,2013,-0.41958515295122656
2013_153,-15.51215,47.459959,2013,-1.295752661040368
2013_154,-15.470576,47.61551,2013,1.5053780480246974
2013_155,-15.853103,48.827532,2013,-1.0852993338191466
2013_156,-15.585127,48.948127,2013,-1.3331490055546398
2013_157,-14.27476,47.853081,2013,4.511944433143414
2013_158,-15.291783,47.093449,2013,-1.3005585224611267
2013_159,-14.920047,48.767444,2013,-1.352944734013424
2013_160,-14.87512,48.000002,2013,1.8118855641935132
2013_161,-15.035175,48.265393,2013,-0.6521377807618972
2013_162,-14.643156,48.540701,2013,1.4082266595757515
2013_163,-15.891211,47.601281,2013,-0.2184264784566106
2013_164,-16.94473,46.830159,2013,-1.1680453344044475
2013_165,-17.113409,46.583447,2013,-1.3132923899217575
2013_166,-16.775499,47.630352,2013,-1.2125734983719054
2013_167,-16.146696,45.35432,2013,-1.3120347326106023
2013_168,-18.928474,44.296862,2013,0.32590947356542793
2013_169,-18.07078787,44.02181449,2013,2.4926066689839876
2013_170,-17.994109,44.544418,2013,1.5385506092865626
2013_171,-23.369373,43.685209,2013,-0.5888040691623025
2013_172,-23.354023,43.65761,2013,-0.8411582499807616
2013_173,-23.356108,43.679726,2013,2.38056819958592
2013_174,-23.35719293,43.6871283475,2013,-0.5734811649746736
2013_175,-23.338483,43.657457,2013,-0.38759077199815706
2013_176,-22.115629,43.857417,2013,-0.9787471802917743
2013_177,-23.973391,44.639901,2013,5.219043111061254
2013_178,-23.811152,44.117036,2013,4.654919764785105
2013_179,-23.929885,44.410385,2013,1.8927609979531221
2013_180,-23.653366,44.623728,2013,2.63293772272514
2013_181,-23.479073,44.496265,2013,3.199486448233747
2013_182,-23.839103,45.068156,2013,-1.1177932818556484
2013_183,-24.704235,44.741801,2013,-0.8531914904616714
2013_184,-24.809489,44.487025,2013,1.443981850222877
2013_185,-24.49173,45.072042,2013,0.5010819670619013
2013_186,-24.513231,44.674527,2013,3.3869616543062526
2013_187,-24.403108,44.937916,2013,-0.49038379351451544
2013_188,-24.522757,44.993108,2013,1.067529209255543
2013_189,-24.312317,44.525699,2013,-0.23249466158308676
2013_190,-24.472926,44.462381,2013,2.732969820299618
2013_191,-24.056207,44.436316,2013,-0.46176045905540475
2013_192,-24.266784,44.741215,2013,2.351484571548419
2013_193,-25.009084,44.193752,2013,-0.7651183474108023
2013_194,-25.151549,44.412006,2013,-1.2140693154348634
2013_195,-24.008465,44.682453,2013,-0.5437313387527851
2013_196,-24.049239,45.12731,2013,-0.3620878835999449
2013_197,-24.11911,45.000905,2013,-0.619037592806922
2013_198,-24.39032087,43.7637632256,2013,2.188961033197939
2013_199,-24.8357761231,44.0324024896,2013,-1.2186121515094188
2013_200,-24.460987,44.219553,2013,-1.0063880844745767
2013_201,-22.58391,44.290389,2013,3.1073794493037172
2013_202,-23.447978,43.956875,2013,-0.7908854965051555
2013_203,-22.8275,43.552156,2013,-0.3264512583011167
2013_204,-25.14438,45.028223,2013,-0.5311753393632197
2013_205,-25.25324,44.985263,2013,1.3729551377847518
2013_206,-25.239563,45.216061,2013,1.940369163104131
2013_207,-25.120618,44.639728,2013,1.5237170583021997
2013_208,-24.739639,45.329504,2013,-0.32740156181662783
2013_209,-24.900341,45.32713,2013,1.7801586982196982
2013_210,-25.366981,45.316298,2013,1.7364832858547012
2013_211,-25.383831,45.394779,2013,-0.24368680428833284
2013_212,-25.55638,45.450044,2013,1.5729738020870117
2013_213,-25.46953,45.653351,2013,-0.19564926639748295
2013_214,-25.316454,45.679449,2013,-0.616533665213671
2013_215,-25.274525,45.739015,2013,0.1347780731381047
2013_216,-25.161603,46.055453,2013,2.4542301787418683
2013_217,-25.18504,46.075097,2013,-0.07420638126776646
2013_218,-25.22894,46.116352,2013,0.3239260888147817
2013_219,-25.223385,45.996847,2013,-0.20971783497173332
2013_220,-25.054522,46.178924,2013,-0.5974183701012729
2013_221,-25.164518,46.015156,2013,0.10828613563548699
2013_222,-25.058776,45.983544,2013,2.655431959936337
2013_223,-25.177017,46.137231,2013,-0.6393295880949884
2013_224,-25.106148,46.218171,2013,0.9517369748807529
2013_225,-25.188909,45.850204,2013,-0.5678841875713355
2013_226,-25.31957,45.895315,2013,-0.7963369888011229
2013_227,-25.16493,45.812127,2013,-0.8454184112112525
2013_228,-25.114242,45.618261,2013,2.6797601877712642
2013_230,-25.002375,45.693438,2013,-1.0452117592070709
2013_231,-24.514379,45.74139,2013,-1.1307193436024732
2013_232,-24.78182,45.515298,2013,-1.1637073770294963
2013_233,-24.98702,45.567421,2013,-1.2328366987101345
2013_234,-25.020963,45.389981,2013,-0.9545959283066057
2013_235,-24.253403,45.196455,2013,2.4177609826900524
2013_236,-24.027757,45.512107,2013,-0.6686002680287869
2013_237,-25.014545,46.988135,2013,-1.2270298798646242
2013_238,-25.071463,46.833847,2013,-1.0296093165665379
2013_239,-24.876714,46.687851,2013,-1.115505369232327
2013_240,-24.685843,46.819313,2013,-1.113623135521082
2013_241,-24.335363,47.198748,2013,-1.1115657964225236
2013_242,-23.272701,46.102975,2013,-0.5943650358315072
2013_243,-23.819129,45.733936,2013,2.749781975054203
2013_244,-25.063942,46.358044,2013,1.94387584447983
2013_245,-25.068045,46.395,2013,3.1090411743116775
2013_246,-24.938946,46.422953,2013,1.8636152828942476
2013_247,-25.14245269,46.4940718684,2013,3.121922374966477
2013_248,-24.81631,46.171911,2013,0.704386742206364
2013_249,-24.580046,46.435678,2013,-0.6281068609519225
2013_256,-20.295512,44.293942,2013,-0.0029925357293453247
2013_257,-20.295407,44.27562,2013,-0.3782707869794677
2013_258,-20.161831,44.437187,2013,-0.6066332297608812
2013_259,-20.368149,45.024289,2013,-0.21830922231269428
2013_260,-19.918219,44.61122,2013,-0.497458504338512
2013_261,-19.704837,45.37559,2013,-0.8590318037884399
2013_262,-12.13444487,49.1948137206,2013,3.2261575163126825
2013_263,-12.276815,49.292656,2013,-1.2111060351532774
2013_264,-12.285586,49.285492,2013,-1.0684477003350261
2013_265,-12.298772,49.301532,2013,-1.0047105888344638
2013_266,-12.315828,49.287575,2013,-0.4697016506135678
2013_267,-13.188616,49.049364,2013,-0.1922717408834946
2013_268,-13.265704,49.114451,2013,-1.2948487468168015
2013_269,-13.626146,48.755496,2013,-0.617294400497298
2013_270,-13.401309,48.256749,2013,-0.6294261447520769
2013_271,-13.406502,48.274968,2013,-0.6652626478917945
2013_272,-13.357744,48.205659,2013,-0.49912026914877916
2013_273,-13.673799,48.444825,2013,-1.2540571550825592
2013_274,-13.967412,48.526624,2013,-1.0536160076915992
2013_275,-14.90546,50.267837,2013,2.110033895386572
2013_276,-14.865616,50.186675,2013,-1.148094597622763
2013_277,-14.279263,50.140817,2013,-0.8454578894030575
2013_278,-14.368621,50.018214,2013,-1.1348022508541054
2013_279,-14.217852,49.684551,2013,-0.21050635890651048
2013_280,-14.651695,49.628413,2013,-1.13635164297806
2013_281,-14.778115,49.57536,2013,-1.2574723717542986
2013_282,-13.361176,50.016658,2013,3.5945722078861935
2013_283,-13.2596,49.831255,2013,-0.3665131377318545
2013_284,-13.917982,49.739343,2013,1.8050203407282277
2016_1,-18.9699500119,47.5679848294,2016,-1.0415668395520743
2016_2,-18.8335094467,47.5715872726,2016,-1.2360753179374038
2016_3,-18.8429867281,47.6307180876,2016,1.231147359747726
2016_4,-18.8330240693,47.4119234487,2016,-0.8700365290972114
2016_5,-18.8241216458,47.4478315922,2016,-0.31273155873216957
2016_6,-18.7568539804,47.5583529812,2016,-1.1042625076766208
2016_7,-18.3170227088,47.0728333539,2016,-0.42683038302818144
2016_8,-18.0137104417,46.9816691324,2016,1.9362861118145274
2016_9,-18.9226708175,47.6597796493,2016,-1.1158706412977175
2016_10,-18.4875428221,47.8041023384,2016,-0.17907284349105174
2016_11,-18.2237472012,47.6267969192,2016,-1.350267298123892
2016_12,-18.93593518,47.47958505,2016,-1.147685609370074
2016_13,-18.907819377,47.4754945474,2016,-1.0457404657409421
2016_14,-18.9090945101,47.4738494149,2016,-0.5619906601165777
2016_15,-18.9636685653,47.5320868891,2016,-1.191463525385623
2016_16,-18.98731972,47.4892307566,2016,2.9083081179575685
2016_17,-19.83218668,46.85681212,2016,3.3247186461138822
2016_18,-19.7869835482,46.7343350033,2016,-0.8664089632648928
2016_19,-19.7464676168,46.6174659548,2016,0.0968204081358465
2016_20,-19.6027988044,46.7391351475,2016,-1.2491834242231439
2016_21,-19.6597465399,46.6502388167,2016,4.292441212608022
2016_23,-19.2418448577,47.4509864125,2016,-0.743611014228125
2016_24,-19.2674582954,46.9753462223,2016,-1.0986380420004853
2016_25,-19.4573259213,46.7051996074,2016,1.015014860913452
2016_26,-19.96428808,47.03110237,2016,0.5115907636646706
2016_27,-20.125303,47.085415,2016,-0.845947915170388
2016_28,-19.5811547387,46.2869601916,2016,-0.5769710651763151
2016_29,-19.5044545027,46.2590903173,2016,-0.13283462577016564
2016_30,-19.67394929,46.52395388,2016,2.8687628192648424
2016_31,-19.4580408139,46.5299286292,2016,1.4627306061802037
2016_32,-19.6605559266,46.2475650745,2016,0.8490123490005651
2016_33,-18.9974759056,47.1982959811,2016,-1.2302615731331081
2016_34,-18.9206674001,47.1997918677,2016,-1.319324708037364
2016_35,-18.97137357,47.3348608545,2016,-1.29824447235481
2016_36,-18.9168632731,47.3018433903,2016,-1.2244279167417962
2016_37,-19.0538912514,47.4268144435,2016,-1.1639394408859922
2016_38,-19.1383609,47.36031362,2016,0.7909097729061425
2016_39,-18.9593028095,46.8865598158,2016,-1.2345866592872001
2016_40,-18.7403208455,46.8198758602,2016,2.4500031769473476
2016_41,-19.1152286113,46.9372772644,2016,-0.7701884865291241
2016_42,-18.9851482141,46.7352361032,2016,-1.2098287505001866
2016_43,-18.881165732,46.7322026339,2016,-1.1728214972018425
2016_44,-18.782485508,47.0761918819,2016,-0.034079575225108384
2016_45,-19.096991997,46.6830619957,2016,-0.9710023318494665
2016_46,-19.04495838,46.75447952,2016,-0.9917268874455615
2016_47,-19.04369135,46.63281068,2016,3.84660539610794
2016_48,-19.1313766644,46.4298575879,2016,2.6396096494694947
2016_49,-18.7733942689,46.0434868141,2016,3.8251634886305004
2016_50,-18.794814541,46.0569315268,2016,3.7315387222211696
2016_51,-18.8275723916,46.0959972716,2016,-0.7407444754306727
2016_52,-18.67556007,46.325381083,2016,-0.8792232927362705
2016_53,-18.9992598116,46.4591715072,2016,-0.851969630984475
2016_54,-18.8836225937,45.871876035,2016,-0.8985545396405565
2016_55,-18.5255751526,46.2974585051,2016,-0.47126850635185324
2016_56,-18.9178985496,45.7110288342,2016,-0.8405626758374525
2016_57,-18.7717798,46.53051965,2016,-1.2576022980325594
2016_58,-19.1370167273,46.3435317373,2016,-1.22803884175077
2016_59,-19.1375779645,45.9762803762,2016,-0.9136630007664228
2016_60,-19.2714893991,46.1481952609,2016,2.5804939427488627
2016_61,-18.5076888766,46.9139234305,2016,0.1770218219910673
2016_62,-18.6444038543,46.8921673133,2016,1.1781057557676005
2016_63,-18.287535227,46.0600052658,2016,-1.0279230344764017
2016_64,-17.9944291102,46.4517963221,2016,-1.0446406230013485
2016_65,-21.8336134024,46.9340048389,2016,-1.1891430093757605
2016_66,-21.8263798725,46.8442117409,2016,2.844169532955288
2016_67,-21.8501885955,46.79553612,2016,1.4077161285217084
2016_68,-21.9955970395,46.4464916389,2016,-0.2864841636522661
2016_69,-21.1073252381,47.2078066226,2016,0.07340629449144095
2016_70,-21.1759760754,47.2486599523,2016,-0.1381330035235354
2016_71,-21.0051151557,47.253766494,2016,0.17572354514942365
2016_72,-21.257285277,47.0892010494,2016,-0.3297179932982987
2016_73,-21.3704268826,46.8193607852,2016,1.5032088553851408
2016_74,-21.40716287,47.21198954,2016,3.384185295232252
2016_75,-21.2497689057,47.1802521932,2016,0.8332432277321561
2016_76,-21.41119421,47.13487653,2016,-0.2332695763110995
2016_77,-21.5667859567,47.0253987733,2016,-1.1920911491169566
2016_78,-21.6495780969,46.9544430004,2016,-1.137744882304772
2016_79,-21.3179567438,46.973382049,2016,1.4320658613512733
2016_80,-21.3879949918,46.918416949,2016,-0.4790837274972471
2016_81,-20.3342036022,46.7490475698,2016,-0.5531028471823948
2016_82,-20.8662186494,46.8585076767,2016,-1.153166734496429
2016_83,-20.3641942351,46.9064801968,2016,-0.1646913448295933
2016_84,-20.6070440537,45.9992001883,2016,-0.8316806476421241
2016_85,-20.5295637161,47.2448603173,2016,-0.4900199384200069
2016_86,-20.5431630476,47.2408470224,2016,-0.9495403036471793
2016_87,-20.5126499897,47.1359998876,2016,-1.1980262632780543
2016_88,-20.4603509429,47.173521727,2016,1.3575265438375423
2016_89,-20.61615784,47.3915772,2016,-0.4152838497816896
2016_90,-20.8041031632,47.4084458163,2016,-0.7825114669324434
2016_91,-20.2680539552,47.3336332674,2016,-0.9332623321104061
2016_92,-20.1152273939,47.3576416991,2016,-0.5966421104318633
2016_93,-20.3477814691,47.3010124501,2016,-0.7156501573863923
2016_94,-20.2376645697,47.4557177135,2016,-0.8148848500384094
2016_95,-20.7669368733,47.0424530753,2016,2.8376970119054534
2016_96,-20.8646982434,46.9870865716,2016,-0.6643405409035613
2016_97,-21.5394218698,47.749263887,2016,0.277388671318007
2016_98,-20.4398718668,48.3536112052,2016,-0.17783462614391007
2016_99,-20.5120631536,48.2015860168,2016,2.340881927721126
2016_100,-21.2210865588,48.3516954932,2016,2.413600370242852
2016_101,-21.1252103503,48.1605207607,2016,-0.44271883755061986
2016_102,-20.9299660773,48.1514282692,2016,1.4888173234059912
2016_103,-22.1373588097,48.0152985898,2016,-0.6792326175416105
2016_104,-21.906399794,47.9050997285,2016,0.44841275674885134
2016_105,-22.069968677,47.7343841254,2016,-0.7680988460826623
2016_106,-21.6807694586,47.8328123164,2016,0.015197081177777343
2016_107,-21.5135604063,47.4284146092,2016,2.8447230074806997
2016_108,-22.3527157994,47.8405194586,2016,-0.061128694394207414
2016_109,-22.4580427949,47.8402447683,2016,-0.9231305474674529
2016_110,-22.3205090731,47.7620469438,2016,-0.924987028552071
2016_111,-22.3143215144,47.8118785791,2016,-0.9360100759974326
2016_112,-22.2986099501,47.7170808597,2016,-1.2802690891530257
2016_113,-22.3555184001,47.5981078859,2016,3.577512681794984
2016_114,-22.2728527723,47.5089489319,2016,-0.4393583066562033
2016_115,-22.4048203107,46.1297849943,2016,4.120533121381811
2016_116,-22.4003329177,46.1253220869,2016,1.882547007490113
2016_117,-22.3816650097,46.2719665066,2016,3.0464777910542598
2016_118,-22.2111497593,46.0868002365,2016,1.8652509825535637
2016_119,-22.6389858456,45.893217362,2016,-0.728601759008232
2016_120,-22.3616235364,46.5489362052,2016,-1.2063478334630964
2016_121,-22.396358823,45.5021327144,2016,-0.9046082926774428
2016_122,-22.5969375517,45.4002127346,2016,1.9543469295853388
2016_123,-22.6716834764,45.2306233904,2016,-0.8538021803573522
2016_124,-22.8556431277,45.0459946215,2016,0.0661995586236376
2016_125,-22.4861914481,46.9132792697,2016,-0.8205033073446234
2016_129,-22.7929220071,46.6157727267,2016,0.0888125316259933
2016_131,-22.8270930621,47.8236520846,2016,-0.7638090101934468
2016_132,-22.8280091778,47.8315879581,2016,-0.23500106700774703
2016_133,-22.7468785681,47.8061082895,2016,-1.1572845189538141
2016_134,-22.903284427,47.6637939648,2016,2.7944296571542164
2016_135,-22.7920350424,47.4924311652,2016,-0.14605517827448333
2016_136,-23.1643679346,47.5991760012,2016,-0.9480910199690095
2016_137,-23.0050631029,47.5721191431,2016,-0.47232007969016554
2016_138,-23.3466733465,47.6055023753,2016,-0.5906164291087068
2016_139,-23.3025978169,47.6242518215,2016,-0.811874936111027
2016_140,-23.3398119289,47.4478067111,2016,-1.2394222070793046
2016_141,-23.4299978429,47.2991938318,2016,-0.6846503942425821
2016_142,-23.8119764413,47.5334139033,2016,-1.0198361977247972
2016_144,-22.8299105276,47.3161786974,2016,-0.5787592006205817
2016_145,-22.6658936967,47.4139590598,2016,1.469539609669361
2016_146,-22.3325800881,47.3883661894,2016,-1.2130085495410408
2016_148,-18.1545987882,49.4115755851,2016,-1.0074008181242085
2016_149,-18.1662539775,49.3900254817,2016,-1.3274284471911335
2016_150,-18.1390555223,49.3913659382,2016,0.07542101606551536
2016_151,-18.86398842,49.0666748714,2016,-1.0053942169689252
2016_152,-18.644129148,48.961430349,2016,2.4012115328802976
2016_153,-18.4601843186,49.1134519399,2016,0.1428848534516736
2016_154,-18.3272102949,48.9907048573,2016,-0.38493785848849627
2016_155,-19.5643725752,48.8528449707,2016,-1.3016737277604793
2016_156,-19.9462210424,48.6879081759,2016,0.7461372446156201
2016_157,-20.2021485323,48.5069003638,2016,-0.5880133402050788
2016_158,-20.2506525719,48.3077650446,2016,-0.9138735369070466
2016_159,-20.0979138499,47.8752652615,2016,0.4447175927580249
2016_160,-18.252824551,49.2678057499,2016,-0.40848550730257477
2016_161,-17.6944084307,49.4748038479,2016,-0.7881362816170147
2016_162,-17.6000197453,49.2861916573,2016,-1.2174175742865248
2016_163,-17.7729091556,49.0708448944,2016,-1.0852287831754006
2016_165,-19.5730967989,48.5175896562,2016,-1.0430354453978008
2016_166,-17.032416819,49.8312989835,2016,0.6631559189212897
2016_167,-15.439319786,49.750118533,2016,-0.7824643942095103
2016_168,-15.3194057888,49.8125070132,2016,-0.7941258767280835
2016_169,-15.4851928848,49.6355968552,2016,-0.22898164936282764
2016_170,-16.1525275929,49.6989807062,2016,-1.1905984731713324
2016_171,-16.3721928598,49.7996364197,2016,-0.6441548442723469
2016_172,-17.3806627543,49.40468712,2016,1.850778363353966
2016_173,-17.3920817864,49.4093065163,2016,-1.2465366663033022
2016_174,-17.3636439979,49.3376394152,2016,0.9155187529040705
2016_175,-17.1894878754,49.3803608617,2016,2.081965853666854
2016_176,-17.0208470147,48.8668577226,2016,3.1171668549571394
2016_177,-17.1680303263,49.1831607532,2016,-1.2746700988286865
2016_178,-17.4649708005,49.1911906892,2016,-0.9770311533207454
2016_179,-17.5186820088,49.2245075379,2016,0.07491902108059136
2016_180,-17.5564157217,49.2739356264,2016,-0.6707511691087306
2016_181,-17.37814617,49.3413468187,2016,-1.3147130889349679
2016_182,-17.3119830837,49.0944434343,2016,-0.3802486422619734
2016_183,-17.3449204761,49.0858609308,2016,-1.0150775792015527
2016_184,-17.6475918562,49.1597312974,2016,2.3318806344850067
2016_185,-17.3948782011,49.0050734236,2016,1.397018109811585
2016_186,-16.9411152926,49.5748279209,2016,-1.058313737204565
2016_187,-16.9085504715,49.5238162913,2016,-1.0728157865476975
2016_188,-16.8529576561,49.5988753502,2016,-1.2783741412891467
2016_189,-16.9491266337,49.3032413075,2016,-0.4259701869364544
2016_190,-16.7607434024,49.5282341808,2016,-0.9862938708258739
2016_191,-16.700665766,49.6877793239,2016,1.5683349543516005
2016_193,-17.5918316455,48.2138536999,2016,-1.3437109173077828
2016_194,-17.4231540043,48.322790154,2016,-1.3971789587170804
2016_195,-17.8705387571,48.1450221643,2016,-1.0639387759224879
2016_196,-17.2670249313,48.5103135263,2016,-0.9969209142685342
2016_197,-17.8209638189,48.4061383061,2016,-1.1214303989608836
2016_198,-17.8419107245,48.4201797401,2016,-1.0528508921796655
2016_199,-17.7636901825,48.3153935208,2016,-1.0216427190797188
2016_200,-17.8603881211,48.2800774656,2016,-1.422617193444698
2016_201,-17.9923037431,48.4474038402,2016,-0.8248901859297085
2016_202,-17.9945775152,48.0737313657,2016,-0.17753524280029714
2016_203,-18.9321204458,48.2221762651,2016,-0.7296484202006743
2016_204,-19.0242780926,48.0242487433,2016,-0.7818789112814478
2016_205,-19.0669695134,48.3660750575,2016,-1.3221832433905945
2016_206,-19.0443904332,48.0820959681,2016,-1.3986408491086748
2016_207,-16.9147592436,48.492908318,2016,-1.3712449317220745
2016_208,-19.3915751879,48.3117613529,2016,-1.073422974509212
2016_209,-15.7073220737,46.3152511946,2016,-0.5285365709578289
2016_210,-15.7038390889,46.3200704587,2016,-0.752412481981361
2016_211,-15.6714947038,46.3356557615,2016,0.4407194286666758
2016_212,-15.7189262629,46.3180738308,2016,1.2507433132381158
2016_213,-15.72589089,46.35659218,2016,-0.9429410147870273
2016_215,-16.4729550806,46.8683016108,2016,0.7736513685548596
2016_216,-16.4828172704,46.4861443367,2016,-0.5012213440658827
2016_218,-16.6268840935,46.1139211743,2016,-0.8133217099271142
2016_219,-16.094854903,46.6451871877,2016,-0.5052235776046161
2016_220,-16.1722497034,46.772968504,2016,-1.2616285589934408
2016_221,-16.1616083831,46.513247623,2016,-0.994525656378425
2016_222,-16.1356059678,45.6986335563,2016,-1.2058556718310214
2016_223,-15.5975998562,46.4325550964,2016,2.280162338428488
2016_224,-15.7046890155,46.8698732133,2016,-1.1510184478262515
2016_225,-15.8210096624,47.6029734174,2016,-0.8510078597348393
2016_226,-15.6595897729,47.1977681009,2016,-0.931765726067936
2016_227,-15.8588189409,48.8240447142,2016,-0.7646003733410747
2016_228,-15.7973780895,48.7968235768,2016,-0.5645655380276373
2016_229,-15.753097247,48.4677391458,2016,-1.23229839752663
2016_230,-16.4079155531,48.7915315947,2016,1.6639094605507565
2016_231,-14.516520789,48.047667687,2016,2.4094593794654213
2016_232,-14.0808488022,48.1600438567,2016,0.549470217051641
2016_233,-15.0862537823,48.3867115892,2016,-1.2040268713785751
2016_234,-15.2472648611,48.7651148963,2016,-1.2750083592435204
2016_235,-15.0846055161,49.2818241038,2016,-0.9052340109677026
2016_236,-14.8702544728,48.0062563596,2016,-1.1622228485183839
2016_237,-14.651732932,48.2862628983,2016,1.1276292844420226
2016_238,-14.6186477044,48.9202914633,2016,-1.1178012157290436
2016_239,-14.6448282875,48.9410245794,2016,-0.6465326377218262
2016_240,-16.2428496264,47.2905230931,2016,-0.8191395667680573
2016_241,-16.9570257644,46.8230258174,2016,-1.3258156309391278
2016_242,-16.949773927,46.8465599598,2016,1.7663173946235118
2016_243,-17.0997714201,46.781114905,2016,-0.14666379934591844
2016_244,-17.1660713648,46.511921392,2016,-1.3442750801291892
2016_245,-17.2173442685,46.8317839061,2016,-0.8758425055772102
2016_246,-16.8226930089,46.9085889797,2016,-0.9008166234677707
2016_247,-17.2647958456,46.437331703,2016,-1.1423625602937462
2016_248,-17.7478750003,47.0292002464,2016,2.23067154090111
2016_249,-16.8420780917,46.840502701,2016,-0.4882437891946286
2016_250,-16.7281186477,47.5241668888,2016,1.7987278694711635
2016_251,-16.9412531895,47.5846723464,2016,2.3669066301160195
2016_252,-16.4396742536,47.3545634587,2016,2.04215204379784
2016_253,-17.4608092828,47.4972564778,2016,1.050442893007744
2016_254,-17.84594298,47.90425327,2016,0.16675716275394403
2016_255,-17.711856858,47.4305492511,2016,1.1220261194765953
2016_257,-16.7442736001,44.8286159713,2016,-0.7159814846032334
2016_258,-16.6200261365,44.6258669236,2016,0.09428926172093137
2016_259,-16.3482454095,44.8872392456,2016,-0.032529559019320586
2016_261,-17.7465531099,45.6791107179,2016,0.677400002598631
2016_262,-18.6758212838,44.6248632075,2016,-0.3337070833223893
2016_265,-18.041616612,44.0339164735,2016,-0.30455127840660945
2016_266,-18.0587080307,44.0266472963,2016,-0.35435040647837507
2016_267,-18.1243606754,44.2099039191,2016,-0.8505739476958818
2016_268,-18.2887447603,44.216510111,2016,-1.2144632448547232
2016_269,-17.4899707857,43.9616418503,2016,-0.6761968533047034
2016_270,-17.4869360012,44.3017424804,2016,1.5610868539706952
2016_271,-17.341442061,44.1397620985,2016,2.76802574623684
2016_272,-17.9197371236,45.3019627893,2016,4.136093457007089
2016_273,-23.3631341829,43.6815497034,2016,2.622385117625062
2016_274,-23.3368259984,43.6675738316,2016,2.686469527500277
2016_275,-21.7120043016,45.1270977594,2016,1.5191470678825374
2016_276,-22.4719053732,44.3252220929,2016,-0.2567893900754196
2016_277,-23.9703398927,44.6076129334,2016,0.37615716312289255
2016_278,-23.54903428,44.32347194,2016,-0.9805491684203403
2016_279,-23.5113609876,44.6930671921,2016,-0.8590499534337729
2016_280,-23.9738044483,44.1778436,2016,3.366461774540389
2016_281,-24.6652420365,44.7974081675,2016,0.25274951868714113
2016_282,-24.411351477,44.8534832892,2016,3.3428849470143174
2016_283,-24.4056464248,44.4668737261,2016,-0.41816920911687533
2016_284,-24.1863855577,44.8264916981,2016,-0.8113455174081601
2016_285,-25.1863296605,44.4581523539,2016,-1.066306689853193
2016_286,-24.0455019978,44.9164553688,2016,0.7077021551881709
2016_287,-24.7317618919,43.9881389567,2016,-0.33081396343340636
2016_288,-22.8669620087,44.438488494,2016,-0.4826050131570597
2016_289,-23.6563630345,43.6490282775,2016,-1.0472241869313144
2016_290,-22.7932714229,43.6609344103,2016,-0.16715590330499414
2016_291,-25.1248162663,44.9385219995,2016,1.8008314623416823
2016_292,-25.2827377546,45.2023247271,2016,-0.8942390103515643
2016_293,-25.1372528869,45.387361313,2016,-0.4571254571959716
2016_294,-25.4761671636,45.5419824337,2016,0.031718284395183975
2016_295,-25.3093689792,45.7343961606,2016,0.41913502036501604
2016_296,-25.0613777446,46.0671432284,2016,-0.13124842159632338
2016_297,-25.1873639025,46.0891785032,2016,0.9760619024937993
2016_298,-25.1773517771,46.0993113982,2016,0.17732478101740823
2016_299,-25.2343458329,46.0856815308,2016,-0.972714725674391
2016_300,-25.2028678339,45.9423142259,2016,-0.9705483753483323
2016_301,-25.1621832965,46.205852642,2016,-0.8993455841813172
2016_302,-25.1716036248,45.8450628613,2016,-0.6691703567774411
2016_303,-24.8741186972,45.6899539834,2016,-0.5221024667063406
2016_304,-24.8582304629,45.6100501327,2016,0.7121490361506331
2016_305,-24.2217680938,45.3188250421,2016,2.151739024602529
2016_306,-24.3423374816,45.1505455907,2016,-0.24993156584993392
2016_307,-24.3438998732,45.1994567831,2016,-0.8367658199450695
2016_308,-24.4922751673,45.3432888589,2016,1.070017011699093
2016_309,-24.5609557772,45.2962987448,2016,0.0850721086713391
2016_310,-24.6320647931,45.3810725904,2016,-0.8217941180596513
2016_311,-25.02981799,46.9851565786,2016,-0.34847441423130004
2016_312,-25.0289381324,46.99682422,2016,-0.3468117982939953
2016_313,-25.0355258988,46.9602759128,2016,-0.5274898966509614
2016_314,-24.9484831353,46.8773582484,2016,-0.28646225757463656
2016_315,-25.01115223,46.67077478,2016,3.101121104271406
2016_316,-24.6252496653,46.9066522034,2016,3.0462789945191653
2016_317,-24.70925735,46.99488196,2016,1.5566918871676274
2016_318,-23.271861657,46.0934280919,2016,0.9357117686861445
2016_319,-23.288836668,45.7775347348,2016,-0.8280532260691515
2016_320,-23.0818917528,45.9488265482,2016,0.43394446360031
2016_321,-23.641519398,45.7179707836,2016,-0.14161028083118782
2016_322,-25.0476214583,46.3809095882,2016,-0.2121760318466512
2016_323,-25.1112756003,46.3832038487,2016,-0.05392205889393488
2016_324,-24.8850952467,46.1148709539,2016,-0.04186972123679565
2016_325,-24.3333908424,46.5264273346,2016,0.6900686592819786
2016_326,-24.1689022869,45.9886328415,2016,-0.3953764821278241
2016_327,-24.6000161152,45.9986461126,2016,0.47806303203730105
2016_328,-21.4368048425,44.3196904649,2016,-0.66260756824613
2016_329,-21.6956633996,43.8673841076,2016,-1.1165216047306987
2016_330,-20.2834345591,44.2836181864,2016,0.15971514177216126
2016_331,-20.2953018634,44.3095290051,2016,-0.2399040715092236
2016_332,-20.3019328962,44.3436609564,2016,-1.0614253592426002
2016_333,-20.5884342663,44.3504833675,2016,4.4644308737058305
2016_334,-20.3919558421,44.6543841372,2016,-0.8223153162825803
2016_335,-20.364362775,44.6767138218,2016,-1.0239884595447892
2016_336,-20.3864254016,45.0690106472,2016,-0.9087544128576004
2016_337,-20.3517863593,45.5961563503,2016,0.36036408312168544
2016_338,-19.6967910512,44.5470805516,2016,2.1992951742762976
2016_339,-19.9428157847,44.6253442442,2016,-0.4956218361930867
2016_341,-19.6546256046,45.4542426401,2016,-1.0139455548767304
2016_342,-19.9128127002,45.467203513,2016,-0.7137515921375146
2016_343,-18.7223430106,45.3285045016,2016,-1.2460610308990114
2016_344,-12.5193686982,49.3741873169,2016,3.390776038471771
2016_345,-12.7493869797,49.2324509078,2016,-0.9835619587222084
2016_346,-12.2830269073,49.3029598792,2016,0.27034819251879105
2016_347,-12.2755396125,49.301183051,2016,1.1075262938157031
2016_348,-12.3083037012,49.27031025,2016,0.5019642795914635
2016_349,-13.187679837,49.0513799596,2016,-0.038575453439466334
2016_350,-13.1384923099,48.9545716399,2016,-0.6938142733866192
2016_351,-13.076297307,48.9857068892,2016,0.976131392456188
2016_352,-13.3760954669,48.900401032,2016,-0.5598570389291676
2016_353,-13.60490873,48.7952730543,2016,-1.057069851748949
2016_354,-13.40596552,48.27769464,2016,-0.13216038999112303
2016_355,-13.2790599522,48.3250797007,2016,1.1631497804915407
2016_356,-13.6697169148,48.4437537173,2016,0.12142199235129568
2016_357,-13.592473155,48.4681960946,2016,1.7364755075304161
2016_358,-13.513690551,48.6192588929,2016,-0.9311157845464815
2016_359,-13.7826028813,47.8964721294,2016,-0.5604230027694344
2016_360,-14.8802168706,50.2510714797,2016,-0.9702011884438135
2016_361,-14.9828627959,50.2299147829,2016,-1.13947169448713
2016_362,-15.2244643022,50.3132542711,2016,-0.01716383498002179
2016_363,-14.5914247077,50.1335432888,2016,-0.621626156117613
2016_364,-14.2497861517,50.1426554821,2016,-0.33125125761199414
2016_365,-14.3199988289,50.0940157247,2016,-0.4996304172343874
2016_366,-14.4883890778,50.0682420255,2016,-0.9578035325139026
2016_367,-14.4873972755,49.9109662825,2016,-0.6906773970162061
2016_369,-14.6594605133,49.6332502581,2016,-1.0123340819400544
2016_370,-14.6582948045,49.5392947548,2016,-1.1761045839950228
