,lat,lon,country,year
0,-18.9035981,47.50284713,Madagascar,2018
1,-18.90422764,47.51456889,Madagascar,2018
2,-18.90744,47.50846729,Madagascar,2018
3,-18.91407082,47.5126883,Madagascar,2018
4,-18.91736051,47.53946856,Madagascar,2018
5,-18.91492177,47.56081754,Madagascar,2018
6,-18.92934698,47.53499032,Madagascar,2018
7,-18.93961462,47.53961181,Madagascar,2018
8,-18.89104647,47.51693971,Madagascar,2018
9,-18.89947356,47.53047844,Madagascar,2018
10,-18.90522793,47.53449771,Madagascar,2018
11,-18.92767747,47.49544911,Madagascar,2018
12,-18.92429933,47.51496554,Madagascar,2018
13,-18.94056744,47.5205143,Madagascar,2018
14,-18.93437408,47.51803638,Madagascar,2018
15,-18.85344166,47.51652043,Madagascar,2018
16,-18.8713595,47.51969806,Madagascar,2018
17,-18.88449341,47.54073567,Madagascar,2018
18,-18.8892483,47.53096242,Madagascar,2018
19,-18.89195975,47.5467215,Madagascar,2018
20,-18.89743265,47.54783452,Madagascar,2018
21,-18.91064341,47.55183696,Madagascar,2018
22,-18.86002248,47.4871185,Madagascar,2018
23,-18.87252304,47.50114784,Madagascar,2018
24,-18.30461716,46.97794936,Madagascar,2018
25,-18.46968687,47.85843043,Madagascar,2018
26,-18.91150899,47.80208658,Madagascar,2018
27,-18.83458469,47.55802583,Madagascar,2018
28,-18.91077471,47.48739456,Madagascar,2018
29,-19.20904457,47.60691172,Madagascar,2018
30,-18.35633765,46.93519545,Madagascar,2018
31,-18.68149583,47.22041223,Madagascar,2018
32,-18.17914992,47.93875318,Madagascar,2018
33,-18.43657428,47.65511387,Madagascar,2018
34,-18.84873104,47.46147174,Madagascar,2018
35,-18.7270759,47.36789662,Madagascar,2018
36,-18.82537391,47.49550542,Madagascar,2018
37,-18.65662373,47.67683871,Madagascar,2018
38,-18.86543488,47.67478969,Madagascar,2018
39,-18.78125096,47.60403869,Madagascar,2018
40,-18.86377278,47.55375577,Madagascar,2018
41,-18.90520039,47.5776189,Madagascar,2018
42,-18.93345834,47.64302345,Madagascar,2018
43,-18.91596632,47.46956354,Madagascar,2018
44,-18.96695706,47.46821216,Madagascar,2018
45,-18.97717529,47.53417828,Madagascar,2018
46,-19.07234638,47.56491872,Madagascar,2018
47,-19.14623768,47.63924286,Madagascar,2018
48,-19.84239082,47.03945232,Madagascar,2018
49,-19.84411057,47.0322847,Madagascar,2018
50,-19.86521389,47.00933735,Madagascar,2018
51,-19.86822864,47.04315123,Madagascar,2018
52,-19.86935031,47.02364689,Madagascar,2018
53,-19.90171616,46.99532028,Madagascar,2018
54,-19.87651601,47.03513845,Madagascar,2018
55,-19.91034311,47.06157483,Madagascar,2018
56,-19.3864136,47.42853551,Madagascar,2018
57,-19.38787165,46.8666743,Madagascar,2018
58,-19.41507072,46.9539171,Madagascar,2018
59,-19.64903072,46.31191259,Madagascar,2018
60,-19.66680028,47.32282688,Madagascar,2018
61,-19.72685655,47.30581591,Madagascar,2018
62,-19.87129595,46.8356285,Madagascar,2018
63,-19.79829896,47.14684098,Madagascar,2018
64,-19.31906913,47.35749381,Madagascar,2018
65,-19.36942731,47.3238566,Madagascar,2018
66,-19.40861074,47.57587653,Madagascar,2018
67,-19.5136622,47.63057686,Madagascar,2018
68,-19.5829295,47.70460523,Madagascar,2018
69,-19.34456725,47.0837412,Madagascar,2018
70,-19.4840079,47.00220925,Madagascar,2018
71,-19.49296203,46.81854203,Madagascar,2018
72,-19.60954929,46.9615705,Madagascar,2018
73,-19.60682529,46.22630628,Madagascar,2018
74,-19.49018776,46.50896598,Madagascar,2018
75,-19.58040621,46.53067936,Madagascar,2018
76,-19.52208259,47.33614424,Madagascar,2018
77,-19.51770609,47.43133902,Madagascar,2018
78,-19.54668928,47.52887804,Madagascar,2018
79,-19.61463989,47.2148339,Madagascar,2018
80,-19.72729386,47.57540862,Madagascar,2018
81,-19.72491815,47.48774479,Madagascar,2018
82,-19.74785224,46.93532927,Madagascar,2018
83,-19.74341876,46.74185244,Madagascar,2018
84,-19.6477033,46.64176786,Madagascar,2018
85,-19.87795777,46.74702805,Madagascar,2018
86,-20.16565804,46.86589966,Madagascar,2018
87,-20.20292986,46.51449181,Madagascar,2018
88,-19.6039505,47.13872789,Madagascar,2018
89,-19.69237025,46.99066177,Madagascar,2018
90,-19.64578417,47.02102854,Madagascar,2018
91,-19.94109283,46.98560282,Madagascar,2018
92,-19.88189836,47.14696501,Madagascar,2018
93,-19.86061767,47.27422359,Madagascar,2018
94,-19.95959005,47.37271069,Madagascar,2018
95,-20.09879117,47.10504547,Madagascar,2018
96,-18.95046598,46.91556514,Madagascar,2018
97,-19.00299876,47.1816498,Madagascar,2018
98,-19.02817737,47.20733401,Madagascar,2018
99,-18.9686165,47.35002724,Madagascar,2018
100,-19.05437828,47.2820599,Madagascar,2018
101,-19.02218715,47.33201692,Madagascar,2018
102,-19.09912509,46.74370684,Madagascar,2018
103,-19.15054417,46.75364352,Madagascar,2018
104,-18.9209025,46.9313676,Madagascar,2018
105,-18.86218355,46.85008761,Madagascar,2018
106,-19.04538461,46.92098879,Madagascar,2018
107,-18.86395388,46.63241155,Madagascar,2018
108,-18.97164196,46.72312014,Madagascar,2018
109,-18.9101028,46.61054808,Madagascar,2018
110,-19.15346558,47.0051533,Madagascar,2018
111,-18.84483965,46.79258166,Madagascar,2018
112,-18.80921310550,47.04848314400,Madagascar,2018
113,-18.77292532,47.15614184,Madagascar,2018
114,-18.90238232,47.31946663,Madagascar,2018
115,-18.9268631,47.39334576,Madagascar,2018
116,-19.06129944,47.24789859,Madagascar,2018
117,-19.07342991,47.34241449,Madagascar,2018
118,-19.12954581,47.12765939,Madagascar,2018
119,-19.18137391,47.32393956,Madagascar,2018
120,-19.2728681,47.39135432,Madagascar,2018
121,-19.31221057,47.17504237,Madagascar,2018
122,-19.07108287,46.75216122,Madagascar,2018
123,-19.15144219,46.57403649,Madagascar,2018
124,-19.21074545,46.85857947,Madagascar,2018
125,-19.12192766,46.52520108,Madagascar,2018
126,-19.22997202,46.3432399,Madagascar,2018
127,-19.27878242,46.54705568,Madagascar,2018
128,-18.76441244,46.04504625,Madagascar,2018
129,-18.76805867,46.04643534,Madagascar,2018
130,-18.78004166,46.05521683,Madagascar,2018
131,-18.41813523,46.66286794,Madagascar,2018
132,-18.47305836,46.6389725,Madagascar,2018
133,-18.31481347,45.54995352,Madagascar,2018
134,-18.47906138,46.17364943,Madagascar,2018
135,-18.6003898,46.21384431,Madagascar,2018
136,-18.74486077,46.21774809,Madagascar,2018
137,-18.71202016,46.48009323,Madagascar,2018
138,-18.8521276,46.44511869,Madagascar,2018
139,-18.6585753,45.97512596,Madagascar,2018
140,-18.78940656,46.11328964,Madagascar,2018
141,-18.94453732,46.08886755,Madagascar,2018
142,-18.98451043,46.37200053,Madagascar,2018
143,-18.95544884,46.41926209,Madagascar,2018
144,-19.01819584,46.45683506,Madagascar,2018
145,-19.11838367,46.20594842,Madagascar,2018
146,-19.05386171,46.34584598,Madagascar,2018
147,-19.36214361,46.15377886,Madagascar,2018
148,-19.03168454,46.12151435,Madagascar,2018
149,-19.04789314,45.98711932,Madagascar,2018
150,-19.19847514,45.96365226,Madagascar,2018
151,-19.01169285,46.01181514,Madagascar,2018
152,-19.02758898,45.75465168,Madagascar,2018
153,-18.6067536,46.85597676,Madagascar,2018
154,-18.60022163,46.91236012,Madagascar,2018
155,-18.28849246,46.12871428,Madagascar,2018
156,-17.87119036,46.39780309,Madagascar,2018
157,-18.02999257,46.42732185,Madagascar,2018
158,-18.35466711,45.82397024,Madagascar,2018
159,-18.51830983,46.41575792,Madagascar,2018
160,-21.45799593,47.0866449,Madagascar,2018
161,-21.465921,47.08517374,Madagascar,2018
162,-21.4371605,47.08549911,Madagascar,2018
163,-21.44758759,47.08944678,Madagascar,2018
164,-21.44835095,47.10733345,Madagascar,2018
165,-21.42380646,47.07495813,Madagascar,2018
166,-21.4886237,47.06291277,Madagascar,2018
167,-21.1083988,46.49556494,Madagascar,2018
168,-21.21226384,46.62957847,Madagascar,2018
169,-21.38218969,47.18663739,Madagascar,2018
170,-21.68497667,47.13308232,Madagascar,2018
171,-21.84422762,46.90729073,Madagascar,2018
172,-22.07047994,47.03357726,Madagascar,2018
173,-21.1433209,47.24005537,Madagascar,2018
174,-21.07160739,47.06576673,Madagascar,2018
175,-20.96322544,47.23570928,Madagascar,2018
176,-21.14030139,47.03935374,Madagascar,2018
177,-20.9729327,47.07668588,Madagascar,2018
178,-20.84019755,47.23226744,Madagascar,2018
179,-20.9905986,46.27768637,Madagascar,2018
180,-21.38757475,46.57280056,Madagascar,2018
181,-21.09649758,46.8654423,Madagascar,2018
182,-21.36160689,46.92981606,Madagascar,2018
183,-21.46875937,46.85040454,Madagascar,2018
184,-21.14148386,46.96869235,Madagascar,2018
185,-21.34772504,47.23989464,Madagascar,2018
186,-21.42090734,47.26178523,Madagascar,2018
187,-21.47472935,47.36117369,Madagascar,2018
188,-21.38893996,47.09987039,Madagascar,2018
189,-21.76053926,47.30021039,Madagascar,2018
190,-21.55192509,46.82416739,Madagascar,2018
191,-21.64465735,46.99582401,Madagascar,2018
192,-21.75449491,47.11142565,Madagascar,2018
193,-21.9256802,47.16069302,Madagascar,2018
194,-21.87159157,47.0458841,Madagascar,2018
195,-21.87280451,46.9801846,Madagascar,2018
196,-21.82453265,46.84357599,Madagascar,2018
197,-21.97932849,46.66808298,Madagascar,2018
198,-21.90272788,46.48838237,Madagascar,2018
199,-21.76633363,46.2807991,Madagascar,2018
200,-20.52217494,47.25430503,Madagascar,2018
201,-20.53794713,47.24647469,Madagascar,2018
202,-20.21489612,47.35050916,Madagascar,2018
203,-20.2306396,47.37708727,Madagascar,2018
204,-20.55028926,46.80291906,Madagascar,2018
205,-20.62990663,46.96859098,Madagascar,2018
206,-20.76804925,47.07446236,Madagascar,2018
207,-20.33531454,47.05811888,Madagascar,2018
208,-20.48465123,47.24508635,Madagascar,2018
209,-20.47903724,47.30579305,Madagascar,2018
210,-20.5385431,47.3392607,Madagascar,2018
211,-20.58506949,47.37160519,Madagascar,2018
212,-20.66950505,47.52175762,Madagascar,2018
213,-20.62886679,47.22079775,Madagascar,2018
214,-20.74278248,47.27595784,Madagascar,2018
215,-20.07935398,47.26887129,Madagascar,2018
216,-20.06879449,47.4791064,Madagascar,2018
217,-20.21048438,47.49990419,Madagascar,2018
218,-20.35744886,47.32112684,Madagascar,2018
219,-20.34017358,47.47498804,Madagascar,2018
220,-20.42219684,47.46769818,Madagascar,2018
221,-20.46090135,47.33099303,Madagascar,2018
222,-20.39133259,46.188891,Madagascar,2018
223,-20.60799468,46.247562,Madagascar,2018
224,-20.49021012,46.66523233,Madagascar,2018
225,-20.27154474,46.90628621,Madagascar,2018
226,-20.3192399,47.00550659,Madagascar,2018
227,-20.55969069,46.96431566,Madagascar,2018
228,-20.97554004,46.83552437,Madagascar,2018
229,-20.66524539,47.09761828,Madagascar,2018
230,-20.87577808,47.09391259,Madagascar,2018
231,-20.93730581,47.01770514,Madagascar,2018
232,-22.13528039,48.02126563,Madagascar,2018
233,-22.15036969,48.00624848,Madagascar,2018
234,-21.20836777,48.35054127,Madagascar,2018
235,-21.24162008,48.3245221,Madagascar,2018
236,-21.14505776,47.77192264,Madagascar,2018
237,-21.92830905,47.51632676,Madagascar,2018
238,-22.34162654,47.8247506,Madagascar,2018
239,-21.92153468,48.00375327,Madagascar,2018
240,-21.93084824,47.8653356,Madagascar,2018
241,-21.85711452,47.9971821,Madagascar,2018
242,-22.09173443,47.76633169,Madagascar,2018
243,-22.21953336,47.82605911,Madagascar,2018
244,-21.69923593,47.72135347,Madagascar,2018
245,-22.01339285,47.73356076,Madagascar,2018
246,-21.76274781,47.93905307,Madagascar,2018
247,-21.74674442,48.06810479,Madagascar,2018
248,-21.72554506,47.74266409,Madagascar,2018
249,-21.9378037,47.7283378,Madagascar,2018
250,-22.05183586,47.86288784,Madagascar,2018
251,-20.43522115,48.29204243,Madagascar,2018
252,-20.49336303,48.41283951,Madagascar,2018
253,-20.55711089,48.11890782,Madagascar,2018
254,-20.70589631630,48.04565607560,Madagascar,2018
255,-20.59643392,48.32493762,Madagascar,2018
256,-20.70801716,48.42428735,Madagascar,2018
257,-20.80243891,48.25036781,Madagascar,2018
258,-20.7838923,48.13089982,Madagascar,2018
259,-20.89897303,48.12092459,Madagascar,2018
260,-21.07717203,48.01043926,Madagascar,2018
261,-21.09033502,47.85652509,Madagascar,2018
262,-21.1133086,48.29843793,Madagascar,2018
263,-21.19013789,47.97885344,Madagascar,2018
264,-21.34675566,48.02171505,Madagascar,2018
265,-21.606889,48.22060955,Madagascar,2018
266,-21.64268474,47.93913434,Madagascar,2018
267,-20.73086854,47.86447507,Madagascar,2018
268,-20.94739543,47.70757218,Madagascar,2018
269,-21.29463489,47.57126909,Madagascar,2018
270,-21.34556776,47.75375976,Madagascar,2018
271,-21.65848729,47.49850532,Madagascar,2018
272,-21.94436636,47.4363327,Madagascar,2018
273,-22.25068537,47.58867625,Madagascar,2018
274,-22.29851501,47.37166891,Madagascar,2018
275,-22.30545802,47.74918212,Madagascar,2018
276,-22.3326118,47.44888417,Madagascar,2018
277,-22.37918283,47.640967,Madagascar,2018
278,-22.38150576,47.84840823,Madagascar,2018
279,-22.41839914,47.90528611,Madagascar,2018
280,-22.38912147,46.13504806,Madagascar,2018
281,-22.40111223,46.12565186,Madagascar,2018
282,-22.40690965,46.11347052,Madagascar,2018
283,-22.49369989,46.86767416,Madagascar,2018
284,-22.56351888,46.80782034,Madagascar,2018
285,-22.99723317,46.66010251,Madagascar,2018
286,-23.15036249,46.45199821,Madagascar,2018
287,-22.26536053,46.27271037,Madagascar,2018
288,-22.42610608,46.41858182,Madagascar,2018
289,-22.34763139,46.301058,Madagascar,2018
290,-22.53364847,46.43271805,Madagascar,2018
291,-22.83064112,46.27553197,Madagascar,2018
292,-22.34454424,46.10853735,Madagascar,2018
293,-22.14443519,46.03601864,Madagascar,2018
294,-22.23583022,46.09894222,Madagascar,2018
295,-22.50335586,45.78193976,Madagascar,2018
296,-22.13528221,45.68350966,Madagascar,2018
297,-22.66336285,45.57785452,Madagascar,2018
298,-22.53896015,45.4854636,Madagascar,2018
299,-21.93750444,45.41393598,Madagascar,2018
300,-22.8948266,45.12741451,Madagascar,2018
301,-22.70821762,45.08493374,Madagascar,2018
302,-22.69956231,45.21521762,Madagascar,2018
303,-21.99272595,46.20569656,Madagascar,2018
304,-22.67751801,46.03901659,Madagascar,2018
305,-22.21024681,46.6772731,Madagascar,2018
306,-22.79544469,46.89903898,Madagascar,2018
307,-22.62846846,46.95063853,Madagascar,2018
308,-22.82206429,46.7220671,Madagascar,2018
309,-22.70533883,46.51649045,Madagascar,2018
310,-22.88924605,46.89689177,Madagascar,2018
311,-23.63127868,46.70084324,Madagascar,2018
312,-22.8236382,47.82684679,Madagascar,2018
313,-22.82286843,47.34981695,Madagascar,2018
314,-23.35194355,47.60942434,Madagascar,2018
315,-23.51490503,47.07747873,Madagascar,2018
316,-23.84776613,46.88187123,Madagascar,2018
317,-22.5754084,47.73965292,Madagascar,2018
318,-22.52888418,47.61802426,Madagascar,2018
319,-22.59280388,47.69196726,Madagascar,2018
320,-22.67819513,47.75314607,Madagascar,2018
321,-22.73087393,47.82026178,Madagascar,2018
322,-22.67707904,47.68938565,Madagascar,2018
323,-22.6676047,47.48727863,Madagascar,2018
324,-22.77052405,47.53421493,Madagascar,2018
325,-22.7330348,47.76206024,Madagascar,2018
326,-22.90649361,47.75650528,Madagascar,2018
327,-22.86715142,47.65724634,Madagascar,2018
328,-22.89080788,47.59493317,Madagascar,2018
329,-23.01218196,47.53630672,Madagascar,2018
330,-23.14330545,47.74290005,Madagascar,2018
331,-23.08309857,47.54685587,Madagascar,2018
332,-22.36344505,47.42101789,Madagascar,2018
333,-22.57482178,47.36081861,Madagascar,2018
334,-22.48675399,47.55328285,Madagascar,2018
335,-22.76233102,47.34505256,Madagascar,2018
336,-23.02280374,47.30999963,Madagascar,2018
337,-23.07231824,47.43711373,Madagascar,2018
338,-23.17999709,47.36260553,Madagascar,2018
339,-23.24391561,47.50334859,Madagascar,2018
340,-23.19378488,47.63915225,Madagascar,2018
341,-23.3025428,47.67147894,Madagascar,2018
342,-23.35875498,47.57180491,Madagascar,2018
343,-23.41402309,47.24055727,Madagascar,2018
344,-23.39176235,47.55239863,Madagascar,2018
345,-23.54918517,47.52545123,Madagascar,2018
346,-23.59186123,47.48058994,Madagascar,2018
347,-23.6692367,47.48330874,Madagascar,2018
348,-23.90637593,47.47477587,Madagascar,2018
349,-23.37628496,46.9397142,Madagascar,2018
350,-23.88353042,46.87206024,Madagascar,2018
351,-23.95401862,46.80189928,Madagascar,2018
352,-18.10946879,49.39634829,Madagascar,2018
353,-18.13666976,49.41457477,Madagascar,2018
354,-18.1443454,49.39713996,Madagascar,2018
355,-18.1492736,49.3716696,Madagascar,2018
356,-18.14659158,49.39928447,Madagascar,2018
357,-18.14982679,49.39416997,Madagascar,2018
358,-18.1590893,49.38735865,Madagascar,2018
359,-18.1594144,49.39328282,Madagascar,2018
360,-18.15861574,49.41376751,Madagascar,2018
361,-18.17081595,49.39939876,Madagascar,2018
362,-18.11003605,49.38231857,Madagascar,2018
363,-18.17473418,49.38360019,Madagascar,2018
364,-18.82096132,49.05199972,Madagascar,2018
365,-19.40870712,48.55507107,Madagascar,2018
366,-19.868412,48.747823,Madagascar,2018
367,-19.9470326,48.73333244,Madagascar,2018
368,-17.65951671,49.38572488,Madagascar,2018
369,-17.80925163,49.36382333,Madagascar,2018
370,-18.07282019,48.88571814,Madagascar,2018
371,-18.04395231,49.40802388,Madagascar,2018
372,-18.23390215,49.29554745,Madagascar,2018
373,-18.40667868,48.99662149,Madagascar,2018
374,-18.59008464,49.12239436,Madagascar,2018
375,-18.72897145,49.08163772,Madagascar,2018
376,-18.98525863,48.68622913,Madagascar,2018
377,-18.97954078,49.07480185,Madagascar,2018
378,-19.23654162,48.82858094,Madagascar,2018
379,-19.37653635,48.70916746,Madagascar,2018
380,-19.58520051,48.8690845,Madagascar,2018
381,-19.66042505,48.79907625,Madagascar,2018
382,-19.79984578,48.34740879,Madagascar,2018
383,-19.88659062,48.63765023,Madagascar,2018
384,-20.0205289,48.44871031,Madagascar,2018
385,-20.03538029,48.68441029,Madagascar,2018
386,-20.09110091,48.37726902,Madagascar,2018
387,-20.23339667,48.56273959,Madagascar,2018
388,-20.28950295,48.25822454,Madagascar,2018
389,-20.31756184,48.08598572,Madagascar,2018
390,-20.09314123,47.75741972,Madagascar,2018
391,-20.37004132,47.8080372,Madagascar,2018
392,-17.38426075,49.40150275,Madagascar,2018
393,-15.43270335,49.74922712,Madagascar,2018
394,-15.44426002,49.73213461,Madagascar,2018
395,-16.17762978,49.779796,Madagascar,2018
396,-17.03311824,49.51799725,Madagascar,2018
397,-16.88987199,49.92943625,Madagascar,2018
398,-17.46582338,49.16370743,Madagascar,2018
399,-17.52349003,49.22043389,Madagascar,2018
400,-17.0950256,49.47734821,Madagascar,2018
401,-17.15553183,49.29638287,Madagascar,2018
402,-17.24229957,49.3967927,Madagascar,2018
403,-17.29578604,49.16845061,Madagascar,2018
404,-17.26831667,49.32390265,Madagascar,2018
405,-17.38152625,49.33777372,Madagascar,2018
406,-17.53547022,49.36522315,Madagascar,2018
407,-15.31512312,49.70079597,Madagascar,2018
408,-15.02159915,49.53028858,Madagascar,2018
409,-15.4031813,49.87957212,Madagascar,2018
410,-15.55816976,49.56234422,Madagascar,2018
411,-15.75114361,49.5681129,Madagascar,2018
412,-15.98256361,49.23994207,Madagascar,2018
413,-16.16634644,49.44968848,Madagascar,2018
414,-16.20458821,49.84248534,Madagascar,2018
415,-16.34362904,49.61197331,Madagascar,2018
416,-16.40873532,49.80997028,Madagascar,2018
417,-16.89626901,49.48863102,Madagascar,2018
418,-16.90622992,49.11346799,Madagascar,2018
419,-16.76500283,49.42660944,Madagascar,2018
420,-17.57444814,49.11633111,Madagascar,2018
421,-17.38962146,49.26138049,Madagascar,2018
422,-17.41404871,49.12066926,Madagascar,2018
423,-17.67427367,49.15024988,Madagascar,2018
424,-17.81544134,48.40724951,Madagascar,2018
425,-17.83050209,48.42517907,Madagascar,2018
426,-17.02797099,48.57089607,Madagascar,2018
427,-17.48635335,48.16327495,Madagascar,2018
428,-18.92500192,48.24223035,Madagascar,2018
429,-18.93846612,48.22621477,Madagascar,2018
430,-19.28257262,48.16633461,Madagascar,2018
431,-17.76909441,48.44159716,Madagascar,2018
432,-17.93240817,48.40086952,Madagascar,2018
433,-17.91007835,48.17957747,Madagascar,2018
434,-17.9309447,48.50582292,Madagascar,2018
435,-18.16657425,48.44943692,Madagascar,2018
436,-17.49931073,48.61679548,Madagascar,2018
437,-17.98359627,48.02209764,Madagascar,2018
438,-16.42430684,48.24256859,Madagascar,2018
439,-16.82853714,48.30932807,Madagascar,2018
440,-17.37170091,48.7963804,Madagascar,2018
441,-17.30703833,48.45276006,Madagascar,2018
442,-17.45869963,48.50711952,Madagascar,2018
443,-17.47372463,48.28726471,Madagascar,2018
444,-17.64458927,48.23593006,Madagascar,2018
445,-17.73046422,48.22173481,Madagascar,2018
446,-17.79505575,48.18139393,Madagascar,2018
447,-18.44385456,48.27064318,Madagascar,2018
448,-18.60635825,48.03179154,Madagascar,2018
449,-18.78590312,47.96227357,Madagascar,2018
450,-18.82293987,48.06884827,Madagascar,2018
451,-19.08372219,48.02163012,Madagascar,2018
452,-18.9472429,48.36940551,Madagascar,2018
453,-19.24565549,48.50159976,Madagascar,2018
454,-19.55188744,48.09420537,Madagascar,2018
455,-19.71661273,48.19835208,Madagascar,2018
456,-15.69704712,46.32161414,Madagascar,2018
457,-15.71049743,46.31805346,Madagascar,2018
458,-15.71938994,46.30515729,Madagascar,2018
459,-15.72064338,46.33127028,Madagascar,2018
460,-15.69445485,46.3253312,Madagascar,2018
461,-15.71176449,46.34565612,Madagascar,2018
462,-15.7141291,46.32933157,Madagascar,2018
463,-15.7173723,46.35628697,Madagascar,2018
464,-15.63885815,46.46610809,Madagascar,2018
465,-16.13099066,46.03031111,Madagascar,2018
466,-16.09303614,46.6483433,Madagascar,2018
467,-16.11967219,46.65477484,Madagascar,2018
468,-16.2538935,45.43172415,Madagascar,2018
469,-16.46737927,46.71754952,Madagascar,2018
470,-15.48350148,46.82745427,Madagascar,2018
471,-15.74814273,47.12143336,Madagascar,2018
472,-15.78016289,47.00848936,Madagascar,2018
473,-15.90884493,45.84258853,Madagascar,2018
474,-16.41332724,45.92083468,Madagascar,2018
475,-16.1406939,47.11604214,Madagascar,2018
476,-16.13103271,46.72457755,Madagascar,2018
477,-16.17866135,46.66191645,Madagascar,2018
478,-16.10722431,46.50108882,Madagascar,2018
479,-16.35322886,46.29619618,Madagascar,2018
480,-16.79718814,45.65728721,Madagascar,2018
481,-16.30944524,47.16599793,Madagascar,2018
482,-16.5540251,47.20495699,Madagascar,2018
483,-16.43062326,46.9434798,Madagascar,2018
484,-16.39465014,46.86063853,Madagascar,2018
485,-16.50478224,46.85927265,Madagascar,2018
486,-16.36364291,46.55638752,Madagascar,2018
487,-16.52881019,46.53007019,Madagascar,2018
488,-14.87329168,47.97992129,Madagascar,2018
489,-14.892761,47.98348834,Madagascar,2018
490,-14.54655421,48.75268858,Madagascar,2018
491,-15.25957546,48.54503899,Madagascar,2018
492,-15.84004456,48.82931936,Madagascar,2018
493,-16.08296567,47.65736788,Madagascar,2018
494,-14.79719771,48.37611745,Madagascar,2018
495,-14.90987315,48.02016078,Madagascar,2018
496,-15.01454001,47.85666496,Madagascar,2018
497,-15.37560185,47.96909874,Madagascar,2018
498,-14.49790196,48.09906467,Madagascar,2018
499,-14.06999389,48.27295934,Madagascar,2018
500,-15.38056312,47.71144122,Madagascar,2018
501,-14.25906199,48.34675016,Madagascar,2018
502,-14.49577768,48.67718678,Madagascar,2018
503,-14.43970984,48.90582963,Madagascar,2018
504,-14.33164364,48.8110413,Madagascar,2018
505,-14.85741718,48.93763151,Madagascar,2018
506,-14.90035815,48.45663049,Madagascar,2018
507,-15.43846813,48.49941633,Madagascar,2018
508,-15.52710344,48.30045956,Madagascar,2018
509,-15.26823116,48.85197607,Madagascar,2018
510,-15.1352103,49.02082448,Madagascar,2018
511,-14.84639797,49.27455829,Madagascar,2018
512,-15.77384027,47.58120319,Madagascar,2018
513,-15.76772527,48.25545689,Madagascar,2018
514,-15.85664735,47.76649677,Madagascar,2018
515,-15.6201124,47.84611663,Madagascar,2018
516,-15.78488195,47.29823484,Madagascar,2018
517,-15.52611283,48.79040078,Madagascar,2018
518,-15.73069638,48.58608179,Madagascar,2018
519,-15.81987025,48.96571825,Madagascar,2018
520,-15.96713754,48.62090883,Madagascar,2018
521,-15.97066488,48.95386311,Madagascar,2018
522,-16.27912464,48.81971406,Madagascar,2018
523,-15.84428883,47.62971116,Madagascar,2018
524,-15.92717872,47.73657917,Madagascar,2018
525,-16.09748563,47.72627464,Madagascar,2018
526,-16.10049808,47.4430663,Madagascar,2018
527,-16.31063359,47.46743085,Madagascar,2018
528,-16.94606696,46.83190124,Madagascar,2018
529,-16.97301056,46.84143136,Madagascar,2018
530,-16.73442088,47.82956325,Madagascar,2018
531,-16.79760623,47.64996293,Madagascar,2018
532,-16.88159715,47.58167317,Madagascar,2018
533,-17.46570496,46.16598654,Madagascar,2018
534,-16.71574908,46.79338986,Madagascar,2018
535,-16.75368548,46.99888152,Madagascar,2018
536,-16.82043502,46.8971575,Madagascar,2018
537,-16.75262304,46.98001364,Madagascar,2018
538,-16.84904413,46.88104784,Madagascar,2018
539,-16.90197621,46.82850804,Madagascar,2018
540,-17.02727247,46.84019415,Madagascar,2018
541,-17.00440974,46.59522777,Madagascar,2018
542,-17.17326077,46.56737468,Madagascar,2018
543,-17.24423513,46.47420019,Madagascar,2018
544,-17.18491577,46.85712051,Madagascar,2018
545,-17.29911618,46.94971465,Madagascar,2018
546,-17.49093347,46.97845399,Madagascar,2018
547,-17.61369645,46.93775224,Madagascar,2018
548,-17.72202536,46.92490985,Madagascar,2018
549,-17.73100362,47.32571649,Madagascar,2018
550,-16.48285281,47.5027891,Madagascar,2018
551,-16.6700463,47.6378511,Madagascar,2018
552,-16.75932982,47.52939512,Madagascar,2018
553,-17.13413348,47.55633057,Madagascar,2018
554,-17.33604734,47.67011444,Madagascar,2018
555,-17.43282476,47.82051208,Madagascar,2018
556,-17.81375129,47.92664661,Madagascar,2018
557,-17.12272176,47.20710328,Madagascar,2018
558,-17.42928562,45.9556814,Madagascar,2018
559,-17.68704725,46.00269997,Madagascar,2018
560,-18.08143313,44.04455769,Madagascar,2018
561,-18.07483215,44.03116034,Madagascar,2018
562,-16.74655438,44.48530185,Madagascar,2018
563,-17.56483996,45.47295393,Madagascar,2018
564,-17.70608927,45.65824196,Madagascar,2018
565,-17.67143719,45.68347921,Madagascar,2018
566,-17.72601195,45.14466505,Madagascar,2018
567,-17.81999253,44.94289264,Madagascar,2018
568,-18.51082464,44.5316184,Madagascar,2018
569,-18.66918422,44.60410966,Madagascar,2018
570,-18.81187083,44.50803104,Madagascar,2018
571,-17.02275355,44.32748877,Madagascar,2018
572,-17.42814667,44.10182913,Madagascar,2018
573,-17.46051511,44.11404309,Madagascar,2018
574,-17.63004974,44.10808008,Madagascar,2018
575,-17.71171832,44.27978524,Madagascar,2018
576,-18.0120296,44.48145264,Madagascar,2018
577,-18.14161939,44.09896338,Madagascar,2018
578,-18.24728884,44.18214155,Madagascar,2018
579,-17.01156563,44.68270936,Madagascar,2018
580,-16.63715943,45.05518418,Madagascar,2018
581,-17.21985967,44.81958495,Madagascar,2018
582,-16.34627355,44.87173592,Madagascar,2018
583,-17.1342456,45.14702223,Madagascar,2018
584,-17.49643444,45.85997243,Madagascar,2018
585,-17.74275265,45.65046976,Madagascar,2018
586,-17.97227222,45.56043306,Madagascar,2018
587,-18.02282832,44.67349698,Madagascar,2018
588,-18.10016339,45.2496374,Madagascar,2018
589,-18.59599776,44.79859352,Madagascar,2018
590,-18.82564715,44.41413666,Madagascar,2018
591,-19.12610513,44.47056699,Madagascar,2018
592,-23.35209738,43.68094076,Madagascar,2018
593,-23.35756625,43.67266004,Madagascar,2018
594,-23.34028537,43.68390634,Madagascar,2018
595,-23.3468289,43.66464147,Madagascar,2018
596,-21.43062228,45.33062807,Madagascar,2018
597,-21.7456451,43.36182366,Madagascar,2018
598,-22.28942743,44.5079034,Madagascar,2018
599,-22.87598505,44.51769608,Madagascar,2018
600,-23.00411966,44.76781869,Madagascar,2018
601,-23.74642099,44.3102408,Madagascar,2018
602,-23.83646959,44.59974934,Madagascar,2018
603,-24.73865539,44.34976635,Madagascar,2018
604,-21.45444943,44.76984955,Madagascar,2018
605,-22.16579909,43.72605373,Madagascar,2018
606,-21.54556544,43.64989153,Madagascar,2018
607,-21.64541379,43.73219965,Madagascar,2018
608,-22.0506483,43.80611056,Madagascar,2018
609,-22.37212826,43.71501231,Madagascar,2018
610,-22.49907774,44.58127037,Madagascar,2018
611,-22.83902335,44.36278975,Madagascar,2018
612,-22.93294349,44.19722968,Madagascar,2018
613,-22.9296529,44.89046685,Madagascar,2018
614,-22.52458306,43.60806646,Madagascar,2018
615,-22.79632378,43.61053071,Madagascar,2018
616,-22.84420004,43.66719393,Madagascar,2018
617,-23.22057377,43.74044394,Madagascar,2018
618,-23.31522055,43.71141253,Madagascar,2018
619,-23.44557744,43.93559774,Madagascar,2018
620,-23.5538846,44.02583502,Madagascar,2018
621,-23.48697213,44.86686787,Madagascar,2018
622,-23.25986667,44.56061154,Madagascar,2018
623,-23.38820871,44.37471806,Madagascar,2018
624,-23.54917097,44.33766922,Madagascar,2018
625,-23.5662676,44.76207078,Madagascar,2018
626,-23.58661237,44.49232196,Madagascar,2018
627,-23.83791786,44.02091924,Madagascar,2018
628,-24.00707599,44.39840177,Madagascar,2018
629,-23.88739556,44.89765561,Madagascar,2018
630,-23.97175852,44.85322373,Madagascar,2018
631,-24.11708005,45.02367129,Madagascar,2018
632,-24.05903666,44.32836606,Madagascar,2018
633,-24.44016479,44.7169687,Madagascar,2018
634,-24.35962676,44.48845859,Madagascar,2018
635,-24.39854448,45.04385273,Madagascar,2018
636,-24.30486948,43.70734414,Madagascar,2018
637,-24.95476446,44.11867863,Madagascar,2018
638,-24.69041376,44.89023228,Madagascar,2018
639,-25.12658477,44.34908436,Madagascar,2018
640,-25.17198938,46.06146831,Madagascar,2018
641,-25.18331758,46.08066758,Madagascar,2018
642,-25.26420833,46.04604024,Madagascar,2018
643,-24.23243169,45.29245449,Madagascar,2018
644,-25.13321601,44.90063102,Madagascar,2018
645,-25.17600319,45.44092626,Madagascar,2018
646,-25.28186279,45.43351194,Madagascar,2018
647,-25.07160646,46.20122105,Madagascar,2018
648,-25.19600901,46.18989054,Madagascar,2018
649,-24.56323695,45.61699286,Madagascar,2018
650,-24.72557284,45.51806489,Madagascar,2018
651,-24.96639852,45.53558394,Madagascar,2018
652,-24.62115829,45.71925121,Madagascar,2018
653,-25.16126698,45.9115593,Madagascar,2018
654,-25.37628545,45.843743,Madagascar,2018
655,-25.25444495,45.79308208,Madagascar,2018
656,-23.8830946,45.25336848,Madagascar,2018
657,-24.02455857,45.39717318,Madagascar,2018
658,-24.18334082,45.68086702,Madagascar,2018
659,-24.34285685,45.45890652,Madagascar,2018
660,-24.26763733,45.08893156,Madagascar,2018
661,-24.38472439,45.66051072,Madagascar,2018
662,-24.49636467,45.32345912,Madagascar,2018
663,-24.70825077,45.29847119,Madagascar,2018
664,-24.60764115,45.38696202,Madagascar,2018
665,-24.78170459,45.34282953,Madagascar,2018
666,-25.26350211,45.16404253,Madagascar,2018
667,-25.16265717,44.81371345,Madagascar,2018
668,-25.48688314,45.04246852,Madagascar,2018
669,-25.34707697,45.39152969,Madagascar,2018
670,-25.52416928,45.59714505,Madagascar,2018
671,-25.51383231,45.25814782,Madagascar,2018
672,-25.02024468,46.98974468,Madagascar,2018
673,-25.02784292,46.9786452,Madagascar,2018
674,-25.03303415,46.98163149,Madagascar,2018
675,-23.30354898,46.10181665,Madagascar,2018
676,-25.04405881,46.47331641,Madagascar,2018
677,-25.10230775,46.42291918,Madagascar,2018
678,-24.08941486,47.21148774,Madagascar,2018
679,-24.30494651,47.24477752,Madagascar,2018
680,-24.53373076,46.96416956,Madagascar,2018
681,-24.63064496,47.06273599,Madagascar,2018
682,-24.74516787,46.91005081,Madagascar,2018
683,-24.85114773,46.93376737,Madagascar,2018
684,-25.00183612,46.91291593,Madagascar,2018
685,-24.98514682,46.66084997,Madagascar,2018
686,-25.01966719,46.7927626,Madagascar,2018
687,-22.70278993,45.82075704,Madagascar,2018
688,-22.94692302,45.69607292,Madagascar,2018
689,-23.07835034,45.87315021,Madagascar,2018
690,-23.32779994,45.54151696,Madagascar,2018
691,-23.30655551,45.74160634,Madagascar,2018
692,-23.50000524,45.82537653,Madagascar,2018
693,-23.54434373,45.59830931,Madagascar,2018
694,-23.67802682170,46.19762917970,Madagascar,2018
695,-23.8163725,45.5805849,Madagascar,2018
696,-23.83266239,45.75116058,Madagascar,2018
697,-24.06885341,46.12887062,Madagascar,2018
698,-24.07147405,46.69406549,Madagascar,2018
699,-24.48104719,46.81054299,Madagascar,2018
700,-24.46339523,46.27720193,Madagascar,2018
701,-24.64749667,46.51873612,Madagascar,2018
702,-24.57350506,46.20080789,Madagascar,2018
703,-25.06922897,46.48549187,Madagascar,2018
704,-20.28530016,44.29060834,Madagascar,2018
705,-20.29582989,44.28159192,Madagascar,2018
706,-19.44467409,45.45701043,Madagascar,2018
707,-19.55652426,44.55743425,Madagascar,2018
708,-19.70134901,44.54473757,Madagascar,2018
709,-20.37760093,44.67749753,Madagascar,2018
710,-21.43093046,44.32492023,Madagascar,2018
711,-20.16821677,44.41088263,Madagascar,2018
712,-20.2949285,44.35201416,Madagascar,2018
713,-20.30757752,44.4259054,Madagascar,2018
714,-20.57373585,44.46306701,Madagascar,2018
715,-20.50472281,44.12472322,Madagascar,2018
716,-18.7729769,45.2938431,Madagascar,2018
717,-19.64404857,45.40698237,Madagascar,2018
718,-19.69187643,45.3178038,Madagascar,2018
719,-19.95253576,45.45782381,Madagascar,2018
720,-20.12996107,45.61590591,Madagascar,2018
721,-19.63423398,44.95477218,Madagascar,2018
722,-19.62523218,44.61877857,Madagascar,2018
723,-19.78030953,44.84780649,Madagascar,2018
724,-20.06187818,45.14963141,Madagascar,2018
725,-20.3122303,44.8379853,Madagascar,2018
726,-20.29821997,44.63536103,Madagascar,2018
727,-20.41130745,44.80459905,Madagascar,2018
728,-20.33433576,45.27905838,Madagascar,2018
729,-20.34636182,45.5917506,Madagascar,2018
730,-21.079302,44.83728771,Madagascar,2018
731,-21.56830147,44.35943868,Madagascar,2018
732,-21.41096395,44.41836102,Madagascar,2018
733,-21.69031499,43.86477037,Madagascar,2018
734,-21.3052378,43.80825857,Madagascar,2018
735,-21.51436173,44.58220769,Madagascar,2018
736,-12.27795798950,49.29893196920,Madagascar,2018
737,-12.29022454380,49.28633942360,Madagascar,2018
738,-12.30136730380,49.28518393460,Madagascar,2018
739,-12.31164268730,49.29983383380,Madagascar,2018
740,-12.29378757540,49.28300283320,Madagascar,2018
741,-13.16141956,49.01400582,Madagascar,2018
742,-13.19171992,49.04784689,Madagascar,2018
743,-13.20309997,49.03840533,Madagascar,2018
744,-13.3899839,48.25551623,Madagascar,2018
745,-13.40198167,48.26870008,Madagascar,2018
746,-13.28285278,48.20714994,Madagascar,2018
747,-13.39862347,48.21046931,Madagascar,2018
748,-13.59655459,48.41696659,Madagascar,2018
749,-13.66476122,48.44872308,Madagascar,2018
750,-13.67134791,48.45967899,Madagascar,2018
751,-13.70633769,48.45581103,Madagascar,2018
752,-12.38388097,49.31047504,Madagascar,2018
753,-12.46346163,49.42763883,Madagascar,2018
754,-12.68224859,49.34242175,Madagascar,2018
755,-12.75122219,49.24260981,Madagascar,2018
756,-12.9888741,48.9009007,Madagascar,2018
757,-13.15106044580,49.10560108500,Madagascar,2018
758,-13.26138368,49.38143342,Madagascar,2018
759,-13.18194808,48.91610065,Madagascar,2018
760,-13.25302583,48.8406084,Madagascar,2018
761,-13.54468669,48.8050699,Madagascar,2018
762,-13.08781789,48.91909183,Madagascar,2018
763,-13.80812731,48.51971996,Madagascar,2018
764,-13.82833145,48.28073301,Madagascar,2018
765,-13.74998896,48.34372477,Madagascar,2018
766,-13.73342475,48.05581914,Madagascar,2018
767,-14.08319052,48.50921789,Madagascar,2018
768,-14.27660021,50.10877438,Madagascar,2018
769,-14.26467702,50.14782327,Madagascar,2018
770,-14.30160358,50.17785916,Madagascar,2018
771,-14.65363812,49.65036572,Madagascar,2018
772,-14.84997182,50.24026766,Madagascar,2018
773,-14.89881501,50.27887597,Madagascar,2018
