cluster_nb,Longitude,Latitude,year,wealth_index
1,47.50284713,-18.9035981,2018.0,1.5688815898812885
2,47.51456889,-18.90422764,2018.0,1.9484864450345125
3,47.50846729,-18.90744,2018.0,1.9797213830103302
4,47.5126883,-18.91407082,2018.0,1.8874042574796417
5,47.53946856,-18.91736051,2018.0,1.556700874425398
6,47.56081754,-18.91492177,2018.0,1.714024730197785
7,47.53499032,-18.92934698,2018.0,0.7841112425771953
8,47.53961181,-18.93961462,2018.0,1.654791679045409
9,47.51693971,-18.89104647,2018.0,1.5481289750163272
10,47.53047844,-18.89947356,2018.0,1.8789707059193566
11,47.53449771,-18.90522793,2018.0,1.3375463219285568
12,47.49544911,-18.92767747,2018.0,1.6603340688653088
13,47.51496554,-18.92429933,2018.0,1.6853552843683308
14,47.5205143,-18.94056744,2018.0,1.7074155583760608
15,47.51803638,-18.93437408,2018.0,1.2840231497357064
16,47.51652043,-18.85344166,2018.0,0.7436273984579062
17,47.51969806,-18.8713595,2018.0,1.993364889746382
18,47.54073567,-18.88449341,2018.0,1.9064667966680686
19,47.53096242,-18.8892483,2018.0,1.72259762381881
20,47.5467215,-18.89195975,2018.0,1.9611984597368708
21,47.54783452,-18.89743265,2018.0,1.8348404973387265
22,47.55183696,-18.91064341,2018.0,1.8165681939669434
23,47.4871185,-18.86002248,2018.0,0.7932937651520453
24,47.50114784,-18.87252304,2018.0,2.022667086695099
25,46.97794936,-18.30461716,2018.0,-0.6835615662537095
26,47.85843043,-18.46968687,2018.0,1.0726800995699437
27,47.80208658,-18.91150899,2018.0,1.823374550717579
28,47.55802583,-18.83458469,2018.0,1.8217186703049117
29,47.48739456,-18.91077471,2018.0,0.7142216288231635
30,47.60691172,-19.20904457,2018.0,1.2376485002695665
31,46.93519545,-18.35633765,2018.0,-0.08233215199251813
32,47.22041223,-18.68149583,2018.0,1.6562592181295364
33,47.93875318,-18.17914992,2018.0,0.8427949016813443
34,47.65511387,-18.43657428,2018.0,1.424576313838693
35,47.46147174,-18.84873104,2018.0,1.2739006093116336
36,47.36789662,-18.7270759,2018.0,0.04870556218745379
37,47.49550542,-18.82537391,2018.0,1.597979951833249
38,47.67683871,-18.65662373,2018.0,1.2114023640061489
39,47.67478969,-18.86543488,2018.0,1.5538473794336523
40,47.60403869,-18.78125096,2018.0,1.4043387027858591
41,47.55375577,-18.86377278,2018.0,1.9655232490132775
42,47.5776189,-18.90520039,2018.0,1.215992774955
43,47.64302345,-18.93345834,2018.0,0.6745202469166345
44,47.46956354,-18.91596632,2018.0,1.969846799765539
45,47.46821216,-18.96695706,2018.0,1.8827106812146601
46,47.53417828,-18.97717529,2018.0,1.0597103299510227
47,47.56491872,-19.07234638,2018.0,0.5419778207782433
48,47.63924286,-19.14623768,2018.0,1.1423198919592472
49,47.03945232,-19.84239082,2018.0,1.8793698871514501
50,47.0322847,-19.84411057,2018.0,1.709132150535318
51,47.00933735,-19.86521389,2018.0,1.0864224181299045
52,47.04315123,-19.86822864,2018.0,1.3449898060256895
53,47.02364689,-19.86935031,2018.0,1.5048804131816977
54,46.99532028,-19.90171616,2018.0,0.8932886120800559
55,47.03513845,-19.87651601,2018.0,1.5730043927727606
56,47.06157483,-19.91034311,2018.0,0.673520935707515
57,47.42853551,-19.3864136,2018.0,1.295626120521734
58,46.8666743,-19.38787165,2018.0,-0.0035297449839635877
59,46.9539171,-19.41507072,2018.0,1.8727545503220486
60,46.31191259,-19.64903072,2018.0,0.2468738094629952
61,47.32282688,-19.66680028,2018.0,1.8235549830538502
62,47.30581591,-19.72685655,2018.0,-0.2899611982033912
63,46.8356285,-19.87129595,2018.0,-0.2138040990009983
64,47.14684098,-19.79829896,2018.0,0.3537045889860173
65,47.35749381,-19.31906913,2018.0,1.5058689019662375
66,47.3238566,-19.36942731,2018.0,0.9723572812813959
67,47.57587653,-19.40861074,2018.0,1.236946593267428
68,47.63057686,-19.5136622,2018.0,-0.446970216190555
69,47.70460523,-19.5829295,2018.0,0.8412865305412436
70,47.0837412,-19.34456725,2018.0,0.793454638686012
71,47.00220925,-19.4840079,2018.0,0.5988903388577944
72,46.81854203,-19.49296203,2018.0,0.4949468623664494
73,46.9615705,-19.60954929,2018.0,-0.13958076762773627
74,46.22630628,-19.60682529,2018.0,0.3464890077807765
75,46.50896598,-19.49018776,2018.0,-0.7189908280102094
76,46.53067936,-19.58040621,2018.0,0.599860730810269
77,47.33614424,-19.52208259,2018.0,1.8956779492013938
78,47.43133902,-19.51770609,2018.0,1.3639611821083109
79,47.52887804,-19.54668928,2018.0,0.6815028325324957
80,47.2148339,-19.61463989,2018.0,0.7649670851983443
81,47.57540862,-19.72729386,2018.0,0.5882522835306784
82,47.48774479,-19.72491815,2018.0,-0.635129857162302
83,46.93532927,-19.74785224,2018.0,-0.8508955538572027
84,46.74185244,-19.74341876,2018.0,-0.00442171444000584
85,46.64176786,-19.6477033,2018.0,1.0390211292283666
86,46.74702805,-19.87795777,2018.0,0.1156117564730891
87,46.86589966,-20.16565804,2018.0,0.4456920033393273
88,46.51449181,-20.20292986,2018.0,-1.0809770521714077
89,47.13872789,-19.6039505,2018.0,-0.4697126077970884
90,46.99066177,-19.69237025,2018.0,0.5033492734797406
91,47.02102854,-19.64578417,2018.0,0.5871058966620573
92,46.98560282,-19.94109283,2018.0,0.09313470041929843
93,47.14696501,-19.88189836,2018.0,0.11077578779497557
94,47.27422359,-19.86061767,2018.0,0.10592377574237488
95,47.37271069,-19.95959005,2018.0,1.9659391018643642
96,47.10504547,-20.09879117,2018.0,1.7436497032465101
97,46.91556514,-18.95046598,2018.0,1.8844722869058854
98,47.1816498,-19.00299876,2018.0,1.2910620300241595
99,47.20733401,-19.02817737,2018.0,1.1690389068441533
100,47.35002724,-18.9686165,2018.0,1.7006937096247585
101,47.2820599,-19.05437828,2018.0,1.402636628007482
102,47.33201692,-19.02218715,2018.0,1.5191166194673287
103,46.74370684,-19.09912509,2018.0,1.5241688074348765
104,46.75364352,-19.15054417,2018.0,1.7151412899655925
105,46.9313676,-18.9209025,2018.0,1.6776251987826118
106,46.85008761,-18.86218355,2018.0,0.6002358311730556
107,46.92098879,-19.04538461,2018.0,1.9157445454445796
108,46.63241155,-18.86395388,2018.0,0.28509202957512586
109,46.72312014,-18.97164196,2018.0,1.6349284261870356
110,46.61054808,-18.9101028,2018.0,1.5864476304549662
111,47.0051533,-19.15346558,2018.0,1.4459791694772255
112,46.79258166,-18.84483965,2018.0,1.4071485030952715
113,47.04848314400,-18.80921310550,2018.0,1.5107241914716016
114,47.15614184,-18.77292532,2018.0,1.8250358279615033
115,47.31946663,-18.90238232,2018.0,1.6985660193423153
116,47.39334576,-18.9268631,2018.0,1.651236531404283
117,47.24789859,-19.06129944,2018.0,1.5946846557619652
118,47.34241449,-19.07342991,2018.0,0.5132809846035385
119,47.12765939,-19.12954581,2018.0,0.4303424868416702
120,47.32393956,-19.18137391,2018.0,1.2799532493206522
121,47.39135432,-19.2728681,2018.0,1.6963568764826922
122,47.17504237,-19.31221057,2018.0,1.6095422325953912
123,46.75216122,-19.07108287,2018.0,1.608959298008317
124,46.57403649,-19.15144219,2018.0,1.1417146316410156
125,46.85857947,-19.21074545,2018.0,1.5433767980128406
126,46.52520108,-19.12192766,2018.0,0.7217222283937134
127,46.3432399,-19.22997202,2018.0,1.8783030939947452
128,46.54705568,-19.27878242,2018.0,1.8614661151278529
129,46.04504625,-18.76441244,2018.0,1.6518499240623357
130,46.04643534,-18.76805867,2018.0,1.2829423417801022
131,46.05521683,-18.78004166,2018.0,-0.3635632036086396
132,46.66286794,-18.41813523,2018.0,0.33235551323605605
133,46.6389725,-18.47305836,2018.0,1.5007667460988714
134,45.54995352,-18.31481347,2018.0,1.763190722077602
135,46.17364943,-18.47906138,2018.0,1.7127055661892294
136,46.21384431,-18.6003898,2018.0,1.725276985382
137,46.21774809,-18.74486077,2018.0,0.8594577029354307
138,46.48009323,-18.71202016,2018.0,1.3820262892966932
139,46.44511869,-18.8521276,2018.0,1.358640940109995
140,45.97512596,-18.6585753,2018.0,1.5965575753342718
141,46.11328964,-18.78940656,2018.0,1.703433636757087
142,46.08886755,-18.94453732,2018.0,1.3293175243913309
143,46.37200053,-18.98451043,2018.0,0.7858995294090058
144,46.41926209,-18.95544884,2018.0,1.8345891518474553
145,46.45683506,-19.01819584,2018.0,-0.6076778619153942
146,46.20594842,-19.11838367,2018.0,1.4120965416452695
147,46.34584598,-19.05386171,2018.0,1.6747937505180468
148,46.15377886,-19.36214361,2018.0,0.3819607122673014
149,46.12151435,-19.03168454,2018.0,0.700092506241424
150,45.98711932,-19.04789314,2018.0,0.9188291865308001
151,45.96365226,-19.19847514,2018.0,1.0205575796328734
152,46.01181514,-19.01169285,2018.0,1.1949172184837382
153,45.75465168,-19.02758898,2018.0,-1.0179977497118582
154,46.85597676,-18.6067536,2018.0,0.4166090100662888
155,46.91236012,-18.60022163,2018.0,1.3419463832734357
156,46.12871428,-18.28849246,2018.0,1.5082411366621031
157,46.39780309,-17.87119036,2018.0,1.4388817953830635
158,46.42732185,-18.02999257,2018.0,1.4204918370872586
159,45.82397024,-18.35466711,2018.0,0.8433912403146012
160,46.41575792,-18.51830983,2018.0,1.8377435382798815
161,47.0866449,-21.45799593,2018.0,1.8395478515920345
162,47.08517374,-21.465921,2018.0,0.88243968866987
163,47.08549911,-21.4371605,2018.0,-0.9188065231073029
164,47.08944678,-21.44758759,2018.0,0.3839976664861866
165,47.10733345,-21.44835095,2018.0,-0.9891947819101276
166,47.07495813,-21.42380646,2018.0,-1.3602654014265885
167,47.06291277,-21.4886237,2018.0,-0.7878417460422945
168,46.49556494,-21.1083988,2018.0,-0.11480573620129494
169,46.62957847,-21.21226384,2018.0,-0.7182896021337073
170,47.18663739,-21.38218969,2018.0,-0.36848815478281044
171,47.13308232,-21.68497667,2018.0,-0.8207214562072328
172,46.90729073,-21.84422762,2018.0,-1.2198756384713452
173,47.03357726,-22.07047994,2018.0,-0.997315579295214
174,47.24005537,-21.1433209,2018.0,-0.5733768692509776
175,47.06576673,-21.07160739,2018.0,-1.2089338019689675
176,47.23570928,-20.96322544,2018.0,-1.2235220918104919
177,47.03935374,-21.14030139,2018.0,-1.3846850454454727
178,47.07668588,-20.9729327,2018.0,-1.0718296870698703
179,47.23226744,-20.84019755,2018.0,0.43559734086205665
180,46.27768637,-20.9905986,2018.0,-0.7567264467056738
181,46.57280056,-21.38757475,2018.0,-0.9618662451904668
182,46.8654423,-21.09649758,2018.0,-1.0826222788843256
183,46.92981606,-21.36160689,2018.0,-0.8540037761239637
184,46.85040454,-21.46875937,2018.0,-0.958261018480017
185,46.96869235,-21.14148386,2018.0,-1.1105145206151754
186,47.23989464,-21.34772504,2018.0,-0.17032692778609665
187,47.26178523,-21.42090734,2018.0,0.19226927104173366
188,47.36117369,-21.47472935,2018.0,-0.4884309916274592
189,47.09987039,-21.38893996,2018.0,0.2648017277757441
190,47.30021039,-21.76053926,2018.0,0.4295171287329466
191,46.82416739,-21.55192509,2018.0,0.3834258711976843
192,46.99582401,-21.64465735,2018.0,-1.0060925690571065
193,47.11142565,-21.75449491,2018.0,-1.1522855978386708
194,47.16069302,-21.9256802,2018.0,0.1562605571622732
195,47.0458841,-21.87159157,2018.0,-0.18436994167580326
196,46.9801846,-21.87280451,2018.0,1.7359240032479122
197,46.84357599,-21.82453265,2018.0,1.7258197230023586
198,46.66808298,-21.97932849,2018.0,-0.31936898157381777
199,46.48838237,-21.90272788,2018.0,0.05692463338872561
200,46.2807991,-21.76633363,2018.0,1.459353370570918
201,47.25430503,-20.52217494,2018.0,0.9842326905435952
202,47.24647469,-20.53794713,2018.0,0.07807896260945763
203,47.35050916,-20.21489612,2018.0,-1.2010276628479084
204,47.37708727,-20.2306396,2018.0,0.9118348482168175
205,46.80291906,-20.55028926,2018.0,1.3479579041348684
206,46.96859098,-20.62990663,2018.0,1.25075560362303
207,47.07446236,-20.76804925,2018.0,-1.129883070558765
208,47.05811888,-20.33531454,2018.0,0.8500321206746844
209,47.24508635,-20.48465123,2018.0,-0.19178810635509072
210,47.30579305,-20.47903724,2018.0,-0.48423160771523194
211,47.3392607,-20.5385431,2018.0,-0.558085725923431
212,47.37160519,-20.58506949,2018.0,-0.11177128114376696
213,47.52175762,-20.66950505,2018.0,-1.3005206598685228
214,47.22079775,-20.62886679,2018.0,-0.5026854076465265
215,47.27595784,-20.74278248,2018.0,-0.4052046402744221
216,47.26887129,-20.07935398,2018.0,-0.4422166460994684
217,47.4791064,-20.06879449,2018.0,0.7769322966016395
218,47.49990419,-20.21048438,2018.0,1.560428331590856
219,47.32112684,-20.35744886,2018.0,1.102446504087096
220,47.47498804,-20.34017358,2018.0,-0.7032723674100617
221,47.46769818,-20.42219684,2018.0,1.655541565961719
222,47.33099303,-20.46090135,2018.0,1.0979461023672341
223,46.188891,-20.39133259,2018.0,0.3417730492987487
224,46.247562,-20.60799468,2018.0,0.20126977268911395
225,46.66523233,-20.49021012,2018.0,1.0614129368037488
226,46.90628621,-20.27154474,2018.0,0.30067677838579715
227,47.00550659,-20.3192399,2018.0,-0.05138235724826204
228,46.96431566,-20.55969069,2018.0,-0.7257402985263645
229,46.83552437,-20.97554004,2018.0,-0.3672019518357393
230,47.09761828,-20.66524539,2018.0,-0.5218866845487177
231,47.09391259,-20.87577808,2018.0,-1.220989947849267
232,47.01770514,-20.93730581,2018.0,-1.204853193748455
233,48.02126563,-22.13528039,2018.0,-1.370055582351379
234,48.00624848,-22.15036969,2018.0,-1.1929706749678748
235,48.35054127,-21.20836777,2018.0,-1.1194171611953572
236,48.3245221,-21.24162008,2018.0,-1.1241284663189324
237,47.77192264,-21.14505776,2018.0,-0.7240379958569189
238,47.51632676,-21.92830905,2018.0,-0.6368090806455755
239,47.8247506,-22.34162654,2018.0,-0.39057333648013354
240,48.00375327,-21.92153468,2018.0,-0.7111843856418619
241,47.8653356,-21.93084824,2018.0,-1.0812238612654075
242,47.9971821,-21.85711452,2018.0,-1.3440953030449208
243,47.76633169,-22.09173443,2018.0,-0.7262311190971741
244,47.82605911,-22.21953336,2018.0,-1.0877763564540819
245,47.72135347,-21.69923593,2018.0,-1.128055336395781
246,47.73356076,-22.01339285,2018.0,-1.4021010729384413
247,47.93905307,-21.76274781,2018.0,-0.06310169677728768
248,48.06810479,-21.74674442,2018.0,-1.3781489994290699
249,47.74266409,-21.72554506,2018.0,-1.2769341642307668
250,47.7283378,-21.9378037,2018.0,-0.8842245758923767
251,47.86288784,-22.05183586,2018.0,-0.970679974206133
252,48.29204243,-20.43522115,2018.0,-0.22570234873733797
253,48.41283951,-20.49336303,2018.0,-0.5181753093185603
254,48.11890782,-20.55711089,2018.0,-0.8697468999211435
255,48.04565607560,-20.70589631630,2018.0,-0.7396261429100296
256,48.32493762,-20.59643392,2018.0,-0.44655197909688227
257,48.42428735,-20.70801716,2018.0,-1.3648435693581258
258,48.25036781,-20.80243891,2018.0,-0.19401795804338667
259,48.13089982,-20.7838923,2018.0,-1.2353247347812915
260,48.12092459,-20.89897303,2018.0,-0.0671712733163672
261,48.01043926,-21.07717203,2018.0,0.02597317741658322
262,47.85652509,-21.09033502,2018.0,0.28755659381550136
263,48.29843793,-21.1133086,2018.0,-0.43531501769404024
264,47.97885344,-21.19013789,2018.0,-0.3535701390840887
265,48.02171505,-21.34675566,2018.0,-1.2102508091249806
266,48.22060955,-21.606889,2018.0,-1.361343467049634
267,47.93913434,-21.64268474,2018.0,-1.3272844188922306
268,47.86447507,-20.73086854,2018.0,-1.3581950344758615
269,47.70757218,-20.94739543,2018.0,-1.3335726349293209
270,47.57126909,-21.29463489,2018.0,-1.0030918302321377
271,47.75375976,-21.34556776,2018.0,-1.1199329191719545
272,47.49850532,-21.65848729,2018.0,0.464237845752343
273,47.4363327,-21.94436636,2018.0,1.3259994432612165
274,47.58867625,-22.25068537,2018.0,0.296974150355566
275,47.37166891,-22.29851501,2018.0,-1.2728961320242582
276,47.74918212,-22.30545802,2018.0,-1.3582322209700752
277,47.44888417,-22.3326118,2018.0,-1.3742527816834866
278,47.640967,-22.37918283,2018.0,-1.1812277512260103
279,47.84840823,-22.38150576,2018.0,-1.3707869944728728
280,47.90528611,-22.41839914,2018.0,-0.6910601466027372
281,46.13504806,-22.38912147,2018.0,-1.1723986988011383
282,46.12565186,-22.40111223,2018.0,-1.3821989760890239
283,46.11347052,-22.40690965,2018.0,-1.3062979513002648
284,46.86767416,-22.49369989,2018.0,-1.3086606726117231
285,46.80782034,-22.56351888,2018.0,-1.3042736390598186
286,46.66010251,-22.99723317,2018.0,-1.2772671138240772
287,46.45199821,-23.15036249,2018.0,-1.3774498745179127
288,46.27271037,-22.26536053,2018.0,-1.3618109762876967
289,46.41858182,-22.42610608,2018.0,-1.2985033930921257
290,46.301058,-22.34763139,2018.0,-1.191909135999544
291,46.43271805,-22.53364847,2018.0,-1.2656351216337594
292,46.27553197,-22.83064112,2018.0,-1.2980840181334066
293,46.10853735,-22.34454424,2018.0,0.9277552790343225
294,46.03601864,-22.14443519,2018.0,-1.3616956846437651
295,46.09894222,-22.23583022,2018.0,-1.3571667878955087
296,45.78193976,-22.50335586,2018.0,-1.3392577360238294
297,45.68350966,-22.13528221,2018.0,-1.3625205290888298
298,45.57785452,-22.66336285,2018.0,-1.345606519558845
299,45.4854636,-22.53896015,2018.0,-1.3901598148287908
300,45.41393598,-21.93750444,2018.0,-1.3744176575303013
301,45.12741451,-22.8948266,2018.0,-1.3947526064094258
302,45.08493374,-22.70821762,2018.0,0.6054951488909951
303,45.21521762,-22.69956231,2018.0,-1.0901691938783953
304,46.20569656,-21.99272595,2018.0,0.6771658393494825
305,46.03901659,-22.67751801,2018.0,-0.30943614148072557
306,46.6772731,-22.21024681,2018.0,0.21477608546911628
307,46.89903898,-22.79544469,2018.0,0.7583096675488277
308,46.95063853,-22.62846846,2018.0,-0.417679418020217
309,46.7220671,-22.82206429,2018.0,1.449600537923424
310,46.51649045,-22.70533883,2018.0,0.3011042508919202
311,46.89689177,-22.88924605,2018.0,-0.7552976322352093
312,46.70084324,-23.63127868,2018.0,0.851863518739238
313,47.82684679,-22.8236382,2018.0,-1.3627966573871484
314,47.34981695,-22.82286843,2018.0,-0.5131866562164417
315,47.60942434,-23.35194355,2018.0,-0.9823720947898014
316,47.07747873,-23.51490503,2018.0,-1.2446717974618537
317,46.88187123,-23.84776613,2018.0,-1.3784359224547338
318,47.73965292,-22.5754084,2018.0,-0.9454870460206561
319,47.61802426,-22.52888418,2018.0,-0.33731292964700904
320,47.69196726,-22.59280388,2018.0,-0.8517169250630926
321,47.75314607,-22.67819513,2018.0,-1.3505118250365131
322,47.82026178,-22.73087393,2018.0,-1.3569668129388377
323,47.68938565,-22.67707904,2018.0,-1.3551515915816394
324,47.48727863,-22.6676047,2018.0,-1.0495590504687864
325,47.53421493,-22.77052405,2018.0,-1.0098768755896965
326,47.76206024,-22.7330348,2018.0,-1.3515263327093334
327,47.75650528,-22.90649361,2018.0,-1.2306363599332344
328,47.65724634,-22.86715142,2018.0,-1.1382106715397158
329,47.59493317,-22.89080788,2018.0,-1.3374806509810315
330,47.53630672,-23.01218196,2018.0,0.03980709456312628
331,47.74290005,-23.14330545,2018.0,-0.9522878887360683
332,47.54685587,-23.08309857,2018.0,-0.7618828361999679
333,47.42101789,-22.36344505,2018.0,-0.5395608596437129
334,47.36081861,-22.57482178,2018.0,-0.9467012378146683
335,47.55328285,-22.48675399,2018.0,-1.3560104132660398
336,47.34505256,-22.76233102,2018.0,-1.3399896831460427
337,47.30999963,-23.02280374,2018.0,-1.1008970906531956
338,47.43711373,-23.07231824,2018.0,-1.368500730090853
339,47.36260553,-23.17999709,2018.0,0.0773136192545033
340,47.50334859,-23.24391561,2018.0,0.3992256919239122
341,47.63915225,-23.19378488,2018.0,-1.0377324249940343
342,47.67147894,-23.3025428,2018.0,1.3739323955242406
343,47.57180491,-23.35875498,2018.0,1.695341247387909
344,47.24055727,-23.41402309,2018.0,1.9199917543705802
345,47.55239863,-23.39176235,2018.0,1.6620145144196128
346,47.52545123,-23.54918517,2018.0,1.99631646393154
347,47.48058994,-23.59186123,2018.0,1.8305244270588006
348,47.48330874,-23.6692367,2018.0,1.7103655373587776
349,47.47477587,-23.90637593,2018.0,1.7451782399893578
350,46.9397142,-23.37628496,2018.0,2.018380428381865
351,46.87206024,-23.88353042,2018.0,1.819449960291459
352,46.80189928,-23.95401862,2018.0,1.5195962104137637
353,49.39634829,-18.10946879,2018.0,1.2652082448764206
354,49.41457477,-18.13666976,2018.0,1.6938125304248555
355,49.39713996,-18.1443454,2018.0,1.1846222098832513
356,49.3716696,-18.1492736,2018.0,-1.1246654980246957
357,49.39928447,-18.14659158,2018.0,-0.8423668107635138
358,49.39416997,-18.14982679,2018.0,1.591208126048316
359,49.38735865,-18.1590893,2018.0,1.5061965167004512
360,49.39328282,-18.1594144,2018.0,0.9384852530481148
361,49.41376751,-18.15861574,2018.0,-1.2337854435616984
362,49.39939876,-18.17081595,2018.0,-1.3468116307519353
363,49.38231857,-18.11003605,2018.0,-1.188781914033748
364,49.38360019,-18.17473418,2018.0,-0.9042172057635608
365,49.05199972,-18.82096132,2018.0,-1.2570103809197741
366,48.55507107,-19.40870712,2018.0,0.4914924418135746
367,48.747823,-19.868412,2018.0,0.567183111206247
368,48.73333244,-19.9470326,2018.0,-0.09773629200635339
369,49.38572488,-17.65951671,2018.0,0.30352052131592305
370,49.36382333,-17.80925163,2018.0,-0.8290396769915347
371,48.88571814,-18.07282019,2018.0,-0.378553830921663
372,49.40802388,-18.04395231,2018.0,-0.10096907500040829
373,49.29554745,-18.23390215,2018.0,-0.5734532862666055
374,48.99662149,-18.40667868,2018.0,0.26707087051132994
375,49.12239436,-18.59008464,2018.0,1.6187044655539253
376,49.08163772,-18.72897145,2018.0,-0.5575863331074812
377,48.68622913,-18.98525863,2018.0,-1.019210938615143
378,49.07480185,-18.97954078,2018.0,1.4156090273597053
379,48.82858094,-19.23654162,2018.0,-0.8202713591092308
380,48.70916746,-19.37653635,2018.0,-1.1049472959413154
381,48.8690845,-19.58520051,2018.0,1.0680789281578542
382,48.79907625,-19.66042505,2018.0,0.9222024911555714
383,48.34740879,-19.79984578,2018.0,0.4103812344494195
384,48.63765023,-19.88659062,2018.0,1.2296888203708036
385,48.44871031,-20.0205289,2018.0,0.37883158693635827
386,48.68441029,-20.03538029,2018.0,0.253798474979688
387,48.37726902,-20.09110091,2018.0,1.7872578916902984
388,48.56273959,-20.23339667,2018.0,1.6274722670684316
389,48.25822454,-20.28950295,2018.0,0.3832488576662465
390,48.08598572,-20.31756184,2018.0,1.7462451730613224
391,47.75741972,-20.09314123,2018.0,0.8397152856346086
392,47.8080372,-20.37004132,2018.0,1.6610668131030562
393,49.40150275,-17.38426075,2018.0,0.17319067595511078
394,49.74922712,-15.43270335,2018.0,1.3782197718606495
395,49.73213461,-15.44426002,2018.0,0.7710449784361284
396,49.779796,-16.17762978,2018.0,0.16752386418352225
397,49.51799725,-17.03311824,2018.0,0.4594435173608662
398,49.92943625,-16.88987199,2018.0,-0.05184253303338223
399,49.16370743,-17.46582338,2018.0,0.5217637552841962
400,49.22043389,-17.52349003,2018.0,0.4776152149420554
401,49.47734821,-17.0950256,2018.0,0.4816069838998173
402,49.29638287,-17.15553183,2018.0,1.287112743917398
403,49.3967927,-17.24229957,2018.0,0.9654905352637482
404,49.16845061,-17.29578604,2018.0,0.8307038431130209
405,49.32390265,-17.26831667,2018.0,1.0335284795127522
406,49.33777372,-17.38152625,2018.0,0.28476088684141954
407,49.36522315,-17.53547022,2018.0,0.8008643564025286
408,49.70079597,-15.31512312,2018.0,1.6946056141275183
409,49.53028858,-15.02159915,2018.0,1.3636330877566527
410,49.87957212,-15.4031813,2018.0,1.7584305337587811
411,49.56234422,-15.55816976,2018.0,-0.5221860815395588
412,49.5681129,-15.75114361,2018.0,0.5311369493573334
413,49.23994207,-15.98256361,2018.0,0.6362629897055675
414,49.44968848,-16.16634644,2018.0,-0.5263348565152483
415,49.84248534,-16.20458821,2018.0,1.816459134577143
416,49.61197331,-16.34362904,2018.0,1.9858009853569598
417,49.80997028,-16.40873532,2018.0,1.1786561046246709
418,49.48863102,-16.89626901,2018.0,-0.5698266209227862
419,49.11346799,-16.90622992,2018.0,-0.49058285651430356
420,49.42660944,-16.76500283,2018.0,-0.47826805714168913
421,49.11633111,-17.57444814,2018.0,-0.7642866246447325
422,49.26138049,-17.38962146,2018.0,-0.9765524966811959
423,49.12066926,-17.41404871,2018.0,-0.4796691670736722
424,49.15024988,-17.67427367,2018.0,-0.6221452029243979
425,48.40724951,-17.81544134,2018.0,-1.2216802089645968
426,48.42517907,-17.83050209,2018.0,-0.9288096231098515
427,48.57089607,-17.02797099,2018.0,0.6245776032483809
428,48.16327495,-17.48635335,2018.0,0.13687530174317974
429,48.24223035,-18.92500192,2018.0,-1.0600834309386866
430,48.22621477,-18.93846612,2018.0,-0.21570671724683274
431,48.16633461,-19.28257262,2018.0,0.9679979031439626
432,48.44159716,-17.76909441,2018.0,0.7567358758224537
433,48.40086952,-17.93240817,2018.0,0.8543644652090832
434,48.17957747,-17.91007835,2018.0,-0.49972913260242297
435,48.50582292,-17.9309447,2018.0,1.8986433654185473
436,48.44943692,-18.16657425,2018.0,-0.9265204264103809
437,48.61679548,-17.49931073,2018.0,-0.3846100520264373
438,48.02209764,-17.98359627,2018.0,1.424250043355851
439,48.24256859,-16.42430684,2018.0,0.16351304621093904
440,48.30932807,-16.82853714,2018.0,-0.629570606898785
441,48.7963804,-17.37170091,2018.0,1.3709636331925243
442,48.45276006,-17.30703833,2018.0,0.6526525566987846
443,48.50711952,-17.45869963,2018.0,1.4223893749092937
444,48.28726471,-17.47372463,2018.0,1.824059510975014
445,48.23593006,-17.64458927,2018.0,1.5988114232495503
446,48.22173481,-17.73046422,2018.0,1.4906280663300726
447,48.18139393,-17.79505575,2018.0,0.9561050915412445
448,48.27064318,-18.44385456,2018.0,1.303208179739575
449,48.03179154,-18.60635825,2018.0,1.8085283463266517
450,47.96227357,-18.78590312,2018.0,1.142197803228927
451,48.06884827,-18.82293987,2018.0,-0.3242116829783821
452,48.02163012,-19.08372219,2018.0,-1.353183017197998
453,48.36940551,-18.9472429,2018.0,-0.6332194820649943
454,48.50159976,-19.24565549,2018.0,-0.6349533854071857
455,48.09420537,-19.55188744,2018.0,-1.347290114506491
456,48.19835208,-19.71661273,2018.0,0.686271905623888
457,46.32161414,-15.69704712,2018.0,-1.010181589800327
458,46.31805346,-15.71049743,2018.0,-0.27975571954216794
459,46.30515729,-15.71938994,2018.0,-1.3535805663521046
460,46.33127028,-15.72064338,2018.0,-0.9414547063366434
461,46.3253312,-15.69445485,2018.0,-1.368720353576918
462,46.34565612,-15.71176449,2018.0,-1.3486539814797311
463,46.32933157,-15.7141291,2018.0,-0.21054549526076827
464,46.35628697,-15.7173723,2018.0,-1.16343171910627
465,46.46610809,-15.63885815,2018.0,-1.3480155363116
466,46.03031111,-16.13099066,2018.0,-1.351687504289117
467,46.6483433,-16.09303614,2018.0,-1.353432327161718
468,46.65477484,-16.11967219,2018.0,-1.3225020181526483
469,45.43172415,-16.2538935,2018.0,-1.295733233176244
470,46.71754952,-16.46737927,2018.0,-1.3159230910887
471,46.82745427,-15.48350148,2018.0,-1.3418851880666895
472,47.12143336,-15.74814273,2018.0,-1.2482292032342979
473,47.00848936,-15.78016289,2018.0,-1.3535123093558639
474,45.84258853,-15.90884493,2018.0,-1.3703958981808284
475,45.92083468,-16.41332724,2018.0,1.244951956318607
476,47.11604214,-16.1406939,2018.0,1.3962249965713658
477,46.72457755,-16.13103271,2018.0,1.46290627357561
478,46.66191645,-16.17866135,2018.0,1.9199401135042122
479,46.50108882,-16.10722431,2018.0,1.5475268920242846
480,46.29619618,-16.35322886,2018.0,0.5675295016688753
481,45.65728721,-16.79718814,2018.0,1.0540508372607753
482,47.16599793,-16.30944524,2018.0,0.07723604272665165
483,47.20495699,-16.5540251,2018.0,0.2844415272361162
484,46.9434798,-16.43062326,2018.0,0.14467506620002854
485,46.86063853,-16.39465014,2018.0,0.10943662226012625
486,46.85927265,-16.50478224,2018.0,-1.308351745448686
487,46.55638752,-16.36364291,2018.0,1.2321723101615272
488,46.53007019,-16.52881019,2018.0,-0.002895085793656281
489,47.97992129,-14.87329168,2018.0,0.8037658498582122
490,47.98348834,-14.892761,2018.0,-0.21203249597797125
491,48.75268858,-14.54655421,2018.0,0.13252791416836016
492,48.54503899,-15.25957546,2018.0,-1.1197867225870817
493,48.82931936,-15.84004456,2018.0,0.025138471387300267
494,47.65736788,-16.08296567,2018.0,-0.014609271496890196
495,48.37611745,-14.79719771,2018.0,-1.2878686933438366
496,48.02016078,-14.90987315,2018.0,1.4208780394889695
497,47.85666496,-15.01454001,2018.0,0.7902288277989312
498,47.96909874,-15.37560185,2018.0,1.26404545084598
499,48.09906467,-14.49790196,2018.0,0.3052640966743699
500,48.27295934,-14.06999389,2018.0,-0.9968642903703024
501,47.71144122,-15.38056312,2018.0,-1.039029139610162
502,48.34675016,-14.25906199,2018.0,0.15528882076060346
503,48.67718678,-14.49577768,2018.0,1.6780114646714617
504,48.90582963,-14.43970984,2018.0,0.45622521938724936
505,48.8110413,-14.33164364,2018.0,1.515785193295104
506,48.93763151,-14.85741718,2018.0,-0.004531382936660241
507,48.45663049,-14.90035815,2018.0,1.3214447129440337
508,48.49941633,-15.43846813,2018.0,1.0292259921682416
509,48.30045956,-15.52710344,2018.0,1.144712971407129
510,48.85197607,-15.26823116,2018.0,0.4878109456704585
511,49.02082448,-15.1352103,2018.0,-0.40056093932834375
512,49.27455829,-14.84639797,2018.0,-1.2907956715573257
513,47.58120319,-15.77384027,2018.0,1.2382045949796745
514,48.25545689,-15.76772527,2018.0,-0.1038872502787424
515,47.76649677,-15.85664735,2018.0,-1.2543060989983175
516,47.84611663,-15.6201124,2018.0,1.252025664855681
517,47.29823484,-15.78488195,2018.0,-1.2468642062012845
518,48.79040078,-15.52611283,2018.0,-1.379831692031276
519,48.58608179,-15.73069638,2018.0,-1.3140597325848733
520,48.96571825,-15.81987025,2018.0,-1.1074659493795187
521,48.62090883,-15.96713754,2018.0,0.9776291965355081
522,48.95386311,-15.97066488,2018.0,-1.2753985023461092
523,48.81971406,-16.27912464,2018.0,0.2551665310898467
524,47.62971116,-15.84428883,2018.0,-1.3514727840590643
525,47.73657917,-15.92717872,2018.0,-0.4103144673162316
526,47.72627464,-16.09748563,2018.0,-1.3907369548982245
527,47.4430663,-16.10049808,2018.0,-0.833308247883833
528,47.46743085,-16.31063359,2018.0,-1.387958106478825
529,46.83190124,-16.94606696,2018.0,0.3967071745687014
530,46.84143136,-16.97301056,2018.0,-0.4089660611371289
531,47.82956325,-16.73442088,2018.0,-0.5558779956709744
532,47.64996293,-16.79760623,2018.0,0.3842891049535177
533,47.58167317,-16.88159715,2018.0,0.04363415015380727
534,46.16598654,-17.46570496,2018.0,-0.38572273680894753
535,46.79338986,-16.71574908,2018.0,-1.3686191702635289
536,46.99888152,-16.75368548,2018.0,-1.2978664036072134
537,46.8971575,-16.82043502,2018.0,-1.123247214872468
538,46.98001364,-16.75262304,2018.0,-1.24274835662712
539,46.88104784,-16.84904413,2018.0,-1.247220422936542
540,46.82850804,-16.90197621,2018.0,-0.8913780220097476
541,46.84019415,-17.02727247,2018.0,0.14045105057332885
542,46.59522777,-17.00440974,2018.0,-1.3677833690826133
543,46.56737468,-17.17326077,2018.0,0.6660584553528519
544,46.47420019,-17.24423513,2018.0,-0.8367292037828342
545,46.85712051,-17.18491577,2018.0,1.4281705757096144
546,46.94971465,-17.29911618,2018.0,-1.37088281697486
547,46.97845399,-17.49093347,2018.0,-0.08507291078030675
548,46.93775224,-17.61369645,2018.0,-0.7108016613929098
549,46.92490985,-17.72202536,2018.0,1.4117630926707407
550,47.32571649,-17.73100362,2018.0,1.833686062985511
551,47.5027891,-16.48285281,2018.0,-1.397552022230003
552,47.6378511,-16.6700463,2018.0,1.0506663435754429
553,47.52939512,-16.75932982,2018.0,-1.3847884984977268
554,47.55633057,-17.13413348,2018.0,-1.1568000177436546
555,47.67011444,-17.33604734,2018.0,-1.3467525717467088
556,47.82051208,-17.43282476,2018.0,-1.353726848863663
557,47.92664661,-17.81375129,2018.0,-1.380227804038581
558,47.20710328,-17.12272176,2018.0,-0.414594959273728
559,45.9556814,-17.42928562,2018.0,-0.7858093375031284
560,46.00269997,-17.68704725,2018.0,-0.6211673349851605
561,44.04455769,-18.08143313,2018.0,-1.3532590714556085
562,44.03116034,-18.07483215,2018.0,-1.3532311121031209
563,44.48530185,-16.74655438,2018.0,-1.2706739802207074
564,45.47295393,-17.56483996,2018.0,-1.3727496975398965
565,45.65824196,-17.70608927,2018.0,0.19644594598099088
566,45.68347921,-17.67143719,2018.0,-0.9424010182249358
567,45.14466505,-17.72601195,2018.0,1.477789277415577
568,44.94289264,-17.81999253,2018.0,0.892845267852262
569,44.5316184,-18.51082464,2018.0,-1.3725818159244618
570,44.60410966,-18.66918422,2018.0,0.20220893838623766
571,44.50803104,-18.81187083,2018.0,0.046475340444026916
572,44.32748877,-17.02275355,2018.0,0.2097651193021461
573,44.10182913,-17.42814667,2018.0,-0.2841262736358172
574,44.11404309,-17.46051511,2018.0,-1.372494954768684
575,44.10808008,-17.63004974,2018.0,-0.8010763276512151
576,44.27978524,-17.71171832,2018.0,0.02155329276716919
577,44.48145264,-18.0120296,2018.0,-1.2831513729499497
578,44.09896338,-18.14161939,2018.0,-1.2945939715688477
579,44.18214155,-18.24728884,2018.0,-1.3065316224943604
580,44.68270936,-17.01156563,2018.0,-1.3875954663131937
581,45.05518418,-16.63715943,2018.0,-1.3898038451776757
582,44.81958495,-17.21985967,2018.0,-1.3847884984977268
583,44.87173592,-16.34627355,2018.0,-1.3456869664557731
584,45.14702223,-17.1342456,2018.0,-1.1849886784920367
585,45.85997243,-17.49643444,2018.0,-1.1854263045802733
586,45.65046976,-17.74275265,2018.0,-0.9886708292535006
587,45.56043306,-17.97227222,2018.0,-1.3099311490368224
588,44.67349698,-18.02282832,2018.0,-1.3447432854268262
589,45.2496374,-18.10016339,2018.0,-1.318076091136447
590,44.79859352,-18.59599776,2018.0,-1.3092699514285522
591,44.41413666,-18.82564715,2018.0,-1.28761096499591
592,44.47056699,-19.12610513,2018.0,-1.0863574265122116
593,43.68094076,-23.35209738,2018.0,-1.250538852587621
594,43.67266004,-23.35756625,2018.0,-1.2871774088547512
595,43.68390634,-23.34028537,2018.0,-1.3443308313910853
596,43.66464147,-23.3468289,2018.0,-0.8963226525213422
597,45.33062807,-21.43062228,2018.0,-1.327295776888578
598,43.36182366,-21.7456451,2018.0,-1.3568994156631637
599,44.5079034,-22.28942743,2018.0,-1.3186917811093601
600,44.51769608,-22.87598505,2018.0,-1.36088738396509
601,44.76781869,-23.00411966,2018.0,-1.2460652420890648
602,44.3102408,-23.74642099,2018.0,-0.5525452399295356
603,44.59974934,-23.83646959,2018.0,-1.3625811666716259
604,44.34976635,-24.73865539,2018.0,-1.2537146061070956
605,44.76984955,-21.45444943,2018.0,-1.2606285915647666
606,43.72605373,-22.16579909,2018.0,-1.3936971366890238
607,43.64989153,-21.54556544,2018.0,-1.014747977827132
608,43.73219965,-21.64541379,2018.0,-1.2860651009728912
609,43.80611056,-22.0506483,2018.0,-1.331831200019781
610,43.71501231,-22.37212826,2018.0,-1.3804462228214902
611,44.58127037,-22.49907774,2018.0,-1.3948674095497555
612,44.36278975,-22.83902335,2018.0,-1.3793230919854838
613,44.19722968,-22.93294349,2018.0,-1.361012496787516
614,44.89046685,-22.9296529,2018.0,-1.3983296152158768
615,43.60806646,-22.52458306,2018.0,-1.3984268396739334
616,43.61053071,-22.79632378,2018.0,-1.1708924841215747
617,43.66719393,-22.84420004,2018.0,-1.3977587972622048
618,43.74044394,-23.22057377,2018.0,-0.3043520284650464
619,43.71141253,-23.31522055,2018.0,1.6814770213415924
620,43.93559774,-23.44557744,2018.0,-1.0339655044576381
621,44.02583502,-23.5538846,2018.0,-0.6156222292799309
622,44.86686787,-23.48697213,2018.0,-1.3859112350208183
623,44.56061154,-23.25986667,2018.0,-1.2545309793148542
624,44.37471806,-23.38820871,2018.0,-1.1223016112899933
625,44.33766922,-23.54917097,2018.0,0.4732575413823172
626,44.76207078,-23.5662676,2018.0,1.1929708929858407
627,44.49232196,-23.58661237,2018.0,0.25658111347385787
628,44.02091924,-23.83791786,2018.0,-0.10151222671752387
629,44.39840177,-24.00707599,2018.0,-0.9954514017626007
630,44.89765561,-23.88739556,2018.0,-0.7404573187787324
631,44.85322373,-23.97175852,2018.0,-0.07843917243201265
632,45.02367129,-24.11708005,2018.0,0.734241346281499
633,44.32836606,-24.05903666,2018.0,1.1810345423193054
634,44.7169687,-24.44016479,2018.0,-0.6918866419754143
635,44.48845859,-24.35962676,2018.0,-0.9087710083956342
636,45.04385273,-24.39854448,2018.0,-0.03739637675134971
637,43.70734414,-24.30486948,2018.0,-1.16744590919149
638,44.11867863,-24.95476446,2018.0,-1.3203770421162868
639,44.89023228,-24.69041376,2018.0,-0.17411035296493005
640,44.34908436,-25.12658477,2018.0,-1.2774281067011655
641,46.06146831,-25.17198938,2018.0,-1.2817638647945226
642,46.08066758,-25.18331758,2018.0,-1.3274345285158817
643,46.04604024,-25.26420833,2018.0,-1.3118857897835057
644,45.29245449,-24.23243169,2018.0,-0.8517197242903243
645,44.90063102,-25.13321601,2018.0,-1.3660927545041697
646,45.44092626,-25.17600319,2018.0,-0.818702733816859
647,45.43351194,-25.28186279,2018.0,-1.0309180017325814
648,46.20122105,-25.07160646,2018.0,0.7518059769916826
649,46.18989054,-25.19600901,2018.0,-0.8957793682150872
650,45.61699286,-24.56323695,2018.0,1.796688247133685
651,45.51806489,-24.72557284,2018.0,1.8796569761402842
652,45.53558394,-24.96639852,2018.0,1.6702397714962613
653,45.71925121,-24.62115829,2018.0,-1.3402552551308777
654,45.9115593,-25.16126698,2018.0,-1.3656640691348991
655,45.843743,-25.37628545,2018.0,-0.5680976430516291
656,45.79308208,-25.25444495,2018.0,0.7205256671850765
657,45.25336848,-23.8830946,2018.0,1.0913866773609013
658,45.39717318,-24.02455857,2018.0,0.7917634854225852
659,45.68086702,-24.18334082,2018.0,-0.7515441376351606
660,45.45890652,-24.34285685,2018.0,1.0083101346310535
661,45.08893156,-24.26763733,2018.0,0.6473628969374917
662,45.66051072,-24.38472439,2018.0,0.5078901276498372
663,45.32345912,-24.49636467,2018.0,1.0936215549018296
664,45.29847119,-24.70825077,2018.0,1.1085103541334054
665,45.38696202,-24.60764115,2018.0,-1.3926009710912735
666,45.34282953,-24.78170459,2018.0,-1.3920452766355778
667,45.16404253,-25.26350211,2018.0,-0.6001433429072899
668,44.81371345,-25.16265717,2018.0,-1.3639380257904847
669,45.04246852,-25.48688314,2018.0,-1.2149019955376807
670,45.39152969,-25.34707697,2018.0,-1.343495471682521
671,45.59714505,-25.52416928,2018.0,-1.382185841671624
672,45.25814782,-25.51383231,2018.0,-1.3852428261954053
673,46.98974468,-25.02024468,2018.0,-1.2785334518274714
674,46.9786452,-25.02784292,2018.0,-1.342511126843554
675,46.98163149,-25.03303415,2018.0,1.1967683123419655
676,46.10181665,-23.30354898,2018.0,-1.367710249582648
677,46.47331641,-25.04405881,2018.0,-0.9156155637737814
678,46.42291918,-25.10230775,2018.0,-0.9309003741541341
679,47.21148774,-24.08941486,2018.0,0.4128103515827123
680,47.24477752,-24.30494651,2018.0,-1.1687802923004211
681,46.96416956,-24.53373076,2018.0,1.381601311387764
682,47.06273599,-24.63064496,2018.0,1.3011476015508936
683,46.91005081,-24.74516787,2018.0,1.3422388529622098
684,46.93376737,-24.85114773,2018.0,-1.3520835976524046
685,46.91291593,-25.00183612,2018.0,-1.3720645915891239
686,46.66084997,-24.98514682,2018.0,0.6277035624940318
687,46.7927626,-25.01966719,2018.0,0.3048078277120474
688,45.82075704,-22.70278993,2018.0,0.6431065042834633
689,45.69607292,-22.94692302,2018.0,-1.2917025793548293
690,45.87315021,-23.07835034,2018.0,1.00157441520877
691,45.54151696,-23.32779994,2018.0,-0.5003074984113342
692,45.74160634,-23.30655551,2018.0,-1.36282982351782
693,45.82537653,-23.50000524,2018.0,-1.356272850799565
694,45.59830931,-23.54434373,2018.0,-0.6126356473335497
695,46.19762917970,-23.67802682170,2018.0,-1.3178946333038954
696,45.5805849,-23.8163725,2018.0,-1.3729555145714814
697,45.75116058,-23.83266239,2018.0,-1.3642709632190082
698,46.12887062,-24.06885341,2018.0,-1.3368919364149434
699,46.69406549,-24.07147405,2018.0,-1.169120218921
700,46.81054299,-24.48104719,2018.0,-1.294204011489727
701,46.27720193,-24.46339523,2018.0,-1.241086759999021
702,46.51873612,-24.64749667,2018.0,-1.2721094319308497
703,46.20080789,-24.57350506,2018.0,-0.29554035303779397
704,46.48549187,-25.06922897,2018.0,-1.2770554088399415
705,44.29060834,-20.28530016,2018.0,-1.3723327432278456
706,44.28159192,-20.29582989,2018.0,-0.5025376487382559
707,45.45701043,-19.44467409,2018.0,-1.2398784247545762
708,44.55743425,-19.55652426,2018.0,-1.3802486688736466
709,44.54473757,-19.70134901,2018.0,-1.3835411251917973
710,44.67749753,-20.37760093,2018.0,-1.2786428441965618
711,44.32492023,-21.43093046,2018.0,-1.030643025985074
712,44.41088263,-20.16821677,2018.0,-1.3718614489371834
713,44.35201416,-20.2949285,2018.0,1.144632959682579
714,44.4259054,-20.30757752,2018.0,1.6822732269069203
715,44.46306701,-20.57373585,2018.0,1.3471401777664267
716,44.12472322,-20.50472281,2018.0,1.5862233298253725
717,45.2938431,-18.7729769,2018.0,1.7247610655013148
718,45.40698237,-19.64404857,2018.0,-1.236825589081729
719,45.3178038,-19.69187643,2018.0,0.7794437542676675
720,45.45782381,-19.95253576,2018.0,0.5451294974142308
721,45.61590591,-20.12996107,2018.0,0.4477925567347593
722,44.95477218,-19.63423398,2018.0,1.6533962008065073
723,44.61877857,-19.62523218,2018.0,-1.1192145741790884
724,44.84780649,-19.78030953,2018.0,0.9759006098504216
725,45.14963141,-20.06187818,2018.0,-0.2733788845586221
726,44.8379853,-20.3122303,2018.0,1.4596164491207178
727,44.63536103,-20.29821997,2018.0,-0.1646196218121155
728,44.80459905,-20.41130745,2018.0,-0.7068859407433253
729,45.27905838,-20.33433576,2018.0,0.5545772122035588
730,45.5917506,-20.34636182,2018.0,-1.2818897630827408
731,44.83728771,-21.079302,2018.0,-1.299413401369401
732,44.35943868,-21.56830147,2018.0,-0.494772137949213
733,44.41836102,-21.41096395,2018.0,-1.3454447440763857
734,43.86477037,-21.69031499,2018.0,-1.0690099708933376
735,43.80825857,-21.3052378,2018.0,-1.364830173326675
736,44.58220769,-21.51436173,2018.0,-0.9867459423598433
737,49.29893196920,-12.27795798950,2018.0,-1.0302775283004215
738,49.28633942360,-12.29022454380,2018.0,-1.2734653931730489
739,49.28518393460,-12.30136730380,2018.0,-0.4692047200701756
740,49.29983383380,-12.31164268730,2018.0,-1.1409737621975913
741,49.28300283320,-12.29378757540,2018.0,-0.5221224317895011
742,49.01400582,-13.16141956,2018.0,-1.2672998723105655
743,49.04784689,-13.19171992,2018.0,-1.2915498056516452
744,49.03840533,-13.20309997,2018.0,0.9520522695571166
745,48.25551623,-13.3899839,2018.0,0.10053017865239547
746,48.26870008,-13.40198167,2018.0,1.421531459789096
747,48.20714994,-13.28285278,2018.0,0.18147845138546428
748,48.21046931,-13.39862347,2018.0,1.653583881492608
749,48.41696659,-13.59655459,2018.0,0.019105555639854877
750,48.44872308,-13.66476122,2018.0,1.8208154276139599
751,48.45967899,-13.67134791,2018.0,1.5150526803337863
752,48.45581103,-13.70633769,2018.0,0.9219618879135961
753,49.31047504,-12.38388097,2018.0,-0.5614629812816837
754,49.42763883,-12.46346163,2018.0,0.9648977220646173
755,49.34242175,-12.68224859,2018.0,-0.4043082859837064
756,49.24260981,-12.75122219,2018.0,0.47739275658426095
757,48.9009007,-12.9888741,2018.0,-0.20944949796046872
758,49.10560108500,-13.15106044580,2018.0,-0.11418766872058778
759,49.38143342,-13.26138368,2018.0,-0.39349474496845277
760,48.91610065,-13.18194808,2018.0,-1.2634891241883681
761,48.8406084,-13.25302583,2018.0,-1.1676791516846614
762,48.8050699,-13.54468669,2018.0,-1.0047078233377897
763,48.91909183,-13.08781789,2018.0,-0.6180665519491056
764,48.51971996,-13.80812731,2018.0,-1.200526808373334
765,48.28073301,-13.82833145,2018.0,0.4258520996507964
766,48.34372477,-13.74998896,2018.0,1.3375404002088558
767,48.05581914,-13.73342475,2018.0,1.0015049891620325
768,48.50921789,-14.08319052,2018.0,0.9807407410731924
769,50.10877438,-14.27660021,2018.0,0.8868163570641593
770,50.14782327,-14.26467702,2018.0,-0.1707199386855213
771,50.17785916,-14.30160358,2018.0,-0.3908987715397645
772,49.65036572,-14.65363812,2018.0,-0.8327487008127324
773,50.24026766,-14.84997182,2018.0,-0.5585923791229418
774,50.27887597,-14.89881501,2018.0,-1.3373707611161132
